source,target,weight,l1_strength,sum_signed
Analyzing CPU usage,###### random boundary #####,-0.013360907976612213,0.013360907976612213,-0.006944075216575723
Analyzing historical trends,###### random boundary #####,0.018759892011228737,0.018759892011228737,0.0012564651461985797
Analyzing static code,###### random boundary #####,0.008694702445576767,0.008694702445576767,0.008694702445576767
Archiving build artifacts,###### random boundary #####,-0.016520456477667794,0.016520456477667794,-0.016520456477667794
Building CXX object,###### random boundary #####,0.0059429986512945475,0.0059429986512945475,0.0059429986512945475
Building Java classes,###### random boundary #####,0.003998536928426893,0.003998536928426893,0.003998536928426893
Checking available memory,###### random boundary #####,0.040425032510251466,0.040425032510251466,0.040425032510251466
Checking code style,###### random boundary #####,0.06495537028969955,0.06495537028969955,0.03905975574019183
Checking database connectivity,###### random boundary #####,0.04380860941010291,0.04380860941010291,0.04380860941010291
Checking disk space,###### random boundary #####,0.005946030262866519,0.005946030262866519,0.005160061053850809
Checking out branch,###### random boundary #####,0.05422173033896221,0.05422173033896221,0.03386935579741265
Cloning repository,###### random boundary #####,0.0031927524696050073,0.0031927524696050073,0.0031927524696050073
Compiling TypeScript files,###### random boundary #####,0.006066465625951178,0.006066465625951178,0.002104848877686098
Compressing log files,###### random boundary #####,0.05081732212714128,0.05081732212714128,0.05081732212714128
Configuring build environment,###### random boundary #####,-0.005935917547479009,0.005935917547479009,-0.005935917547479009
Converting markdown to HTML,###### random boundary #####,0.012884966594822167,0.012884966594822167,0.012884966594822167
Creating git tag,###### random boundary #####,0.0012361847534126803,0.0012361847534126803,0.0012361847534126803
Creating new pipeline configuration,###### random boundary #####,-0.002793056391857733,0.002793056391857733,-0.002793056391857733
Creating release notes,###### random boundary #####,0.0037807237974595465,0.0037807237974595465,0.0037807237974595465
Creating version header,###### random boundary #####,0.00896744521248078,0.00896744521248078,0.002607006674827902
Decrypting configuration files,###### random boundary #####,0.0002576679377432372,0.0002576679377432372,0.0002576679377432372
Dependency chain resolved,###### random boundary #####,-0.011100501257584827,0.011100501257584827,-0.0016833515167455357
Deploying Helm charts,###### random boundary #####,0.03870069881972507,0.03870069881972507,0.03870069881972507
Deploying to staging environment,###### random boundary #####,-0.011004391529494745,0.011004391529494745,-0.0015623648276235549
Deprecated function used,###### random boundary #####,0.0007157160106282651,0.0007157160106282651,8.955370720132319e-05
Encrypting artifacts,###### random boundary #####,0.0071514853371210385,0.0071514853371210385,0.0071514853371210385
Entering compilation loop,###### random boundary #####,0.04688936468597535,0.04688936468597535,0.04688936468597535
Finalizing CI job,###### random boundary #####,0.12530988404997795,0.12530988404997795,0.12530988404997795
Formatting source code,###### random boundary #####,0.06862609540409013,0.06862609540409013,0.025039123204243285
Generating code coverage report,###### random boundary #####,-0.0006979019497995806,0.0006979019497995806,-0.0006979019497995806
Generating documentation with Doxygen,###### random boundary #####,0.0035511167800916666,0.0035511167800916666,0.0024194317023614595
Generating system diagnostics,###### random boundary #####,0.0009821373815424126,0.0009821373815424126,0.0009821373815424126
Installing dependencies,###### random boundary #####,0.00121927063017601,0.00121927063017601,0.00121927063017601
Linker returned non-zero exit code,###### random boundary #####,-0.01056550449927646,0.01056550449927646,-0.01056550449927646
Linking CXX executable,###### random boundary #####,0.0020993423893816477,0.0020993423893816477,0.0020993423893816477
Logging build statistics,###### random boundary #####,-0.002555016377564129,0.002555016377564129,-0.002555016377564129
Logging health status,###### random boundary #####,0.011614421524613668,0.011614421524613668,0.011614421524613668
Measuring memory usage,###### random boundary #####,-0.00546487913823472,0.00546487913823472,-0.00546487913823472
Merging pull request,###### random boundary #####,0.0017419076092990565,0.0017419076092990565,0.0017419076092990565
Migrating database schema,###### random boundary #####,-0.0005235209416101953,0.0005235209416101953,-0.0005235209416101953
Monitoring build agents,###### random boundary #####,0.004938612358972549,0.004938612358972549,0.004938612358972549
Notifying release manager,###### random boundary #####,-0.0013816112636783773,0.0013816112636783773,-0.0013816112636783773
Optimizing assets,###### random boundary #####,-0.00031679483675719686,0.00031679483675719686,-0.00031679483675719686
Out of memory during linking stage,###### random boundary #####,0.005205245671526623,0.005205245671526623,0.0036526894125553586
Publishing artifacts to repository,###### random boundary #####,0.001534685450680027,0.001534685450680027,0.0010538184716450156
Publishing site,###### random boundary #####,-0.00016526886680130683,0.00016526886680130683,-0.00016526886680130683
Pulling Docker base image,###### random boundary #####,0.001176670635337182,0.001176670635337182,0.0003821777921973238
Pushing Docker image,###### random boundary #####,0.0004755873761824559,0.0004755873761824559,0.0004755873761824559
Rebalancing workloads,###### random boundary #####,0.007627800529950934,0.007627800529950934,0.007627800529950934
Rebasing branch,###### random boundary #####,0.002665180939685959,0.002665180939685959,0.002665180939685959
Rebuilding failed jobs,###### random boundary #####,-0.001259604667635713,0.001259604667635713,-0.001259604667635713
Reporting test results,###### random boundary #####,-0.005324582392945913,0.005324582392945913,-0.003344810115361103
Restarting database service,###### random boundary #####,0.001682000230067121,0.001682000230067121,0.00011757182015299252
Restarting failed containers,###### random boundary #####,0.0025640162595911564,0.0025640162595911564,0.0025640162595911564
Restoring database,###### random boundary #####,0.005514292877242903,0.005514292877242903,0.005514292877242903
Reviewing dependencies,###### random boundary #####,0.0007189619575009237,0.0007189619575009237,0.0007189619575009237
Running integration tests,###### random boundary #####,-0.008974399537944024,0.008974399537944024,-0.008974399537944024
Running linter checks,###### random boundary #####,-0.009974427493097035,0.009974427493097035,-0.009974427493097035
Running performance tests,###### random boundary #####,0.0004138154893567719,0.0004138154893567719,0.0004138154893567719
Running regression tests,###### random boundary #####,0.003672816654609501,0.003672816654609501,0.003672816654609501
Running smoke tests,###### random boundary #####,0.001966163618114444,0.001966163618114444,0.001966163618114444
Running unit tests,###### random boundary #####,-0.0009452538387573081,0.0009452538387573081,-0.0009452538387573081
Scanning for secrets in code,###### random boundary #####,0.001973749988643213,0.001973749988643213,0.001973749988643213
Seeding database,###### random boundary #####,-0.0004950634201979774,0.0004950634201979774,-0.0004950634201979774
Sending Slack notification,###### random boundary #####,0.003472083510752416,0.003472083510752416,0.0019349906075162926
Sending report via email,###### random boundary #####,0.003678449292153578,0.003678449292153578,0.000822033556792686
Starting CI job,###### random boundary #####,-0.00432535393794405,0.00432535393794405,-0.00432535393794405
Syncing mirrors,###### random boundary #####,-0.000644763833205764,0.000644763833205764,-0.000644763833205764
Syncing with GitHub,###### random boundary #####,0.008175419896598916,0.008175419896598916,0.0031345630798226783
"TRACE socket recv timeout, backing off 200ms",###### random boundary #####,0.0022726135606507976,0.0022726135606507976,0.0022726135606507976
Tagging Docker image,###### random boundary #####,6.49917445010975e-05,6.49917445010975e-05,6.49917445010975e-05
Tracking build metrics,###### random boundary #####,0.004413875980269472,0.004413875980269472,0.004413875980269472
Triggering downstream jobs,###### random boundary #####,-0.0014454560054457423,0.0014454560054457423,-0.0014454560054457423
Triggering webhook,###### random boundary #####,0.0017525272536405056,0.0017525272536405056,0.0008589100909979163
Uploading crash reports,###### random boundary #####,0.0010860316888188846,0.0010860316888188846,0.0010860316888188846
Uploading logs to S3,###### random boundary #####,0.004691010248059235,0.004691010248059235,0.004691010248059235
Uploading sourcemaps,###### random boundary #####,0.0006148002485146975,0.0006148002485146975,0.0006148002485146975
Validating Kubernetes manifests,###### random boundary #####,-0.0014479468079055214,0.0014479468079055214,-0.00045509938621849397
Validating deployment,###### random boundary #####,-0.000658649886301576,0.000658649886301576,-0.000658649886301576
Verifying dependency integrity,###### random boundary #####,-0.0012043293809042698,0.0012043293809042698,-0.0012043293809042698
Verifying digital signatures,###### random boundary #####,0.001053608798192941,0.001053608798192941,0.0003556891002747687
Verifying git tag signature,###### random boundary #####,-0.0009395283116553595,0.0009395283116553595,-0.0009395283116553595
Verifying service health checks,###### random boundary #####,-0.0008869239446784936,0.0008869239446784936,-6.538711658587157e-05
WARN retrying connection to mirror (attempt 3/5),###### random boundary #####,0.0014416791445747519,0.0014416791445747519,0.0014416791445747519
^[[0;31mANSI color spill^[[0m,###### random boundary #####,0.00010109200325630517,0.00010109200325630517,0.00010109200325630517
dmesg: CPU soft lockup detected on core 3,###### random boundary #####,0.0015628171020432545,0.0015628171020432545,0.0015628171020432545
gc: collecting generation 2 ... done,###### random boundary #####,-0.006458078068835955,0.006458078068835955,-0.006458078068835955
java.lang.NullPointerException at com.example.Main:142,###### random boundary #####,-0.006162750274844411,0.006162750274844411,-0.006162750274844411
Analyzing historical trends,Analyzing static code,0.004612826904603463,0.004612826904603463,0.004612826904603463
Archiving build artifacts,Analyzing static code,-0.0008434699705895151,0.0008434699705895151,-0.0008434699705895151
Checking disk space,Analyzing static code,0.001636541439263466,0.001636541439263466,0.001636541439263466
Compiling TypeScript files,Analyzing static code,0.002470239457978345,0.002470239457978345,0.002470239457978345
Creating release notes,Analyzing static code,0.004348263115246538,0.004348263115246538,0.004348263115246538
Logging health status,Analyzing static code,0.00013762639768679445,0.00013762639768679445,0.00013762639768679445
###### random boundary #####,Backing up database,-0.0011223490323306086,0.0011223490323306086,-0.00043796223162620933
Analyzing CPU usage,Backing up database,-0.04620146119161569,0.04620146119161569,-0.033058340309477234
Analyzing historical trends,Backing up database,0.08204698757786742,0.08204698757786742,0.02221208007313408
Analyzing static code,Backing up database,0.030186725766460396,0.030186725766460396,0.030186725766460396
Archiving build artifacts,Backing up database,-0.0844283746087478,0.0844283746087478,-0.08213082536422851
Building CXX object,Backing up database,0.013099178753309048,0.013099178753309048,0.013099178753309048
Building Java classes,Backing up database,0.02249916824284336,0.02249916824284336,0.02249916824284336
Checking available memory,Backing up database,0.0017539426039103665,0.0017539426039103665,0.0017539426039103665
Checking code style,Backing up database,-0.06038742100963754,0.06038742100963754,-0.06038742100963754
Checking database connectivity,Backing up database,0.00415033003462982,0.00415033003462982,0.00415033003462982
Checking disk space,Backing up database,0.03838680615341518,0.03838680615341518,0.03838680615341518
Checking out branch,Backing up database,-0.05104386781113362,0.05104386781113362,-0.02540812027110726
Cleaning Docker cache,Backing up database,0.006161843023828866,0.006161843023828866,0.006161843023828866
Cloning repository,Backing up database,0.019089097833485873,0.019089097833485873,0.019089097833485873
Compiling TypeScript files,Backing up database,-0.05463099303259717,0.05463099303259717,-6.0823831773304526e-05
Compressing log files,Backing up database,0.014697133818317169,0.014697133818317169,0.013275903209015269
Configuring build environment,Backing up database,-0.036854870291800526,0.036854870291800526,-0.012433411862735874
Converting markdown to HTML,Backing up database,0.007254130409832168,0.007254130409832168,0.00585227403750447
Creating Jira ticket,Backing up database,0.025562976007672055,0.025562976007672055,0.025562976007672055
Creating git tag,Backing up database,0.035723459315535805,0.035723459315535805,0.035723459315535805
Creating new pipeline configuration,Backing up database,-0.07431105532439695,0.07431105532439695,-0.06863758131157012
Creating release notes,Backing up database,0.009254233748145746,0.009254233748145746,0.009254233748145746
Creating version header,Backing up database,0.04651214187828978,0.04651214187828978,0.009272635029644535
Decrypting configuration files,Backing up database,0.009587546013619231,0.009587546013619231,0.009587546013619231
Dependency chain resolved,Backing up database,-0.038347758025226955,0.038347758025226955,-0.017265401605691618
Deploying Helm charts,Backing up database,0.013012803278957938,0.013012803278957938,0.013012803278957938
Deploying to production,Backing up database,0.008968582622114411,0.008968582622114411,0.008968582622114411
Deploying to staging environment,Backing up database,0.05090888201283471,0.05090888201283471,1.926268379661214e-05
Deprecated function used,Backing up database,0.018021351514734163,0.018021351514734163,0.018021351514734163
Encrypting artifacts,Backing up database,0.028458743327940406,0.028458743327940406,0.028458743327940406
Entering compilation loop,Backing up database,0.00911505369381023,0.00911505369381023,0.00911505369381023
Finalizing CI job,Backing up database,-0.0013631331106865512,0.0013631331106865512,-0.0013631331106865512
Formatting source code,Backing up database,0.0016961704996031896,0.0016961704996031896,0.0016961704996031896
Generating code coverage report,Backing up database,0.004045235993198196,0.004045235993198196,0.0007408113769390079
Generating documentation with Doxygen,Backing up database,0.06461786956884262,0.06461786956884262,0.05745319025319637
Installing dependencies,Backing up database,0.0008591127640706422,0.0008591127640706422,0.0008591127640706422
Linker returned non-zero exit code,Backing up database,-0.02025399012666262,0.02025399012666262,-0.02025399012666262
Linking CXX executable,Backing up database,0.02078757107541012,0.02078757107541012,0.0198972314403272
Linking shared libraries,Backing up database,-0.0011798554006255295,0.0011798554006255295,-0.0009340157610739244
Logging build statistics,Backing up database,0.0022908852294368574,0.0022908852294368574,0.0022908852294368574
Logging health status,Backing up database,0.08483690008203738,0.08483690008203738,0.08383144443986242
Measuring memory usage,Backing up database,0.0062353324372086795,0.0062353324372086795,0.0062353324372086795
Merging pull request,Backing up database,-0.000791405921150768,0.000791405921150768,-0.000791405921150768
Migrating database schema,Backing up database,-0.0013066094862037862,0.0013066094862037862,-0.0013066094862037862
Monitoring build agents,Backing up database,0.022830017619660085,0.022830017619660085,0.022830017619660085
Notifying release manager,Backing up database,-0.0014649454803716928,0.0014649454803716928,-0.0014649454803716928
Optimizing assets,Backing up database,-0.002195793722046911,0.002195793722046911,-0.002195793722046911
Out of memory during linking stage,Backing up database,0.0022703141906405713,0.0022703141906405713,0.0010434405849821444
Publishing artifacts to repository,Backing up database,0.0005925194317919383,0.0005925194317919383,0.0005925194317919383
Publishing site,Backing up database,-0.0007244059452468047,0.0007244059452468047,-0.0007244059452468047
Pulling Docker base image,Backing up database,-9.093720002329748e-06,9.093720002329748e-06,-9.093720002329748e-06
Pushing Docker image,Backing up database,0.002059035491418614,0.002059035491418614,0.002059035491418614
Pushing changes to remote,Backing up database,-0.007156523383519048,0.007156523383519048,-0.007156523383519048
Rebalancing workloads,Backing up database,-0.0014572250211024298,0.0014572250211024298,-0.0014572250211024298
Rebuilding failed jobs,Backing up database,-0.0002702821975466665,0.0002702821975466665,-0.0002702821975466665
Reporting test results,Backing up database,0.0038603559292645804,0.0038603559292645804,6.734361689578671e-06
Restarting database service,Backing up database,0.008906673658248501,0.008906673658248501,0.007521578855669037
Restarting failed containers,Backing up database,-0.0022106614344515035,0.0022106614344515035,-0.0022106614344515035
Restoring database,Backing up database,0.00030656155127085786,0.00030656155127085786,0.00030656155127085786
Reviewing dependencies,Backing up database,-0.0018286147425574442,0.0018286147425574442,-0.0018286147425574442
Running integration tests,Backing up database,0.016375753484780067,0.016375753484780067,0.016375753484780067
Running linter checks,Backing up database,0.005211423856826767,0.005211423856826767,0.005211423856826767
Running performance tests,Backing up database,0.0012012644979316495,0.0012012644979316495,0.0012012644979316495
Running regression tests,Backing up database,-0.0032554693518028217,0.0032554693518028217,-0.0032554693518028217
Running security scan,Backing up database,0.00253863771136598,0.00253863771136598,0.00253863771136598
Running smoke tests,Backing up database,-0.007382096984342472,0.007382096984342472,-0.006879671534587627
Scanning for secrets in code,Backing up database,-0.004343682895259557,0.004343682895259557,-0.00020199452175841072
Seeding database,Backing up database,0.0037411211970222466,0.0037411211970222466,0.0015151179698916796
Sending Slack notification,Backing up database,-0.002586305938888021,0.002586305938888021,-0.0018209910644730119
Signing release packages,Backing up database,-0.034719714655730136,0.034719714655730136,-0.033951378470905416
Starting CI job,Backing up database,0.001839522715714614,0.001839522715714614,0.0006976144460091883
Syncing mirrors,Backing up database,0.00040752340842587734,0.00040752340842587734,0.00040752340842587734
Syncing with GitHub,Backing up database,0.009112200969754205,0.009112200969754205,0.008032845930990604
Tagging Docker image,Backing up database,0.0012447875738789828,0.0012447875738789828,0.0012447875738789828
Tracking build metrics,Backing up database,0.0007724883323036339,0.0007724883323036339,0.0007724883323036339
Triggering downstream jobs,Backing up database,0.0029799565294881918,0.0029799565294881918,0.0029799565294881918
Triggering webhook,Backing up database,-0.003988979411263627,0.003988979411263627,-0.003988979411263627
Uploading crash reports,Backing up database,0.004256477912413823,0.004256477912413823,0.0015181567711583426
Uploading logs to S3,Backing up database,0.001797942119466365,0.001797942119466365,0.001797942119466365
Validating Kubernetes manifests,Backing up database,-0.006320326893032571,0.006320326893032571,-0.006320326893032571
Validating deployment,Backing up database,0.0020223280382999365,0.0020223280382999365,0.0002211140559158424
Verifying checksums,Backing up database,-0.0019521494279628809,0.0019521494279628809,-0.0010195557331707866
Verifying dependency integrity,Backing up database,-0.0011021601027443961,0.0011021601027443961,-0.0011021601027443961
Verifying digital signatures,Backing up database,-0.002144271642951879,0.002144271642951879,-0.002144271642951879
Verifying git tag signature,Backing up database,0.0013462558412655065,0.0013462558412655065,0.0013462558412655065
Verifying service health checks,Backing up database,0.004856300410120878,0.004856300410120878,0.004856300410120878
WARN retrying connection to mirror (attempt 3/5),Backing up database,-0.0014969396328582676,0.0014969396328582676,-0.0014969396328582676
dmesg: CPU soft lockup detected on core 3,Backing up database,0.0035279728423845275,0.0035279728423845275,0.0031760704424341297
gc: collecting generation 2 ... done,Backing up database,0.001115169030180256,0.001115169030180256,0.001115169030180256
java.lang.NullPointerException at com.example.Main:142,Backing up database,0.006400676381569669,0.006400676381569669,0.006400676381569669
###### random boundary #####,Building CXX object,0.0037923632826541947,0.0037923632826541947,0.0037923632826541947
Analyzing CPU usage,Building CXX object,-0.01860228766083293,0.01860228766083293,-0.013208468182673846
Analyzing historical trends,Building CXX object,-0.07905714818867524,0.07905714818867524,-0.07835687081979706
Analyzing static code,Building CXX object,0.012827831624625412,0.012827831624625412,0.012827831624625412
Archiving build artifacts,Building CXX object,-0.23295699987954535,0.23295699987954535,-0.23226438714981604
Backing up database,Building CXX object,0.23051043211814487,0.23051043211814487,0.23051043211814487
Building Java classes,Building CXX object,0.003928813556753391,0.003928813556753391,0.003928813556753391
Checking available memory,Building CXX object,-0.0018590292524987648,0.0018590292524987648,-4.7827120002558415e-05
Checking code style,Building CXX object,-0.024395886881911327,0.024395886881911327,-0.024395886881911327
Checking database connectivity,Building CXX object,-0.00387331327528093,0.00387331327528093,-0.0010268067120709494
Checking disk space,Building CXX object,0.01911369808443383,0.01911369808443383,0.01911369808443383
Checking out branch,Building CXX object,0.290820736151555,0.290820736151555,0.290820736151555
Cleaning Docker cache,Building CXX object,-0.008670086290396612,0.008670086290396612,-0.002568568908706605
Cloning repository,Building CXX object,0.008766075579700664,0.008766075579700664,0.008766075579700664
Compiling TypeScript files,Building CXX object,0.022612512491928142,0.022612512491928142,0.0014792774882516312
Compressing log files,Building CXX object,0.0017199677633773164,0.0017199677633773164,0.0017199677633773164
Configuring build environment,Building CXX object,-0.014020627031028535,0.014020627031028535,-0.006677252851526951
Converting markdown to HTML,Building CXX object,0.0001133260848783534,0.0001133260848783534,0.0001133260848783534
Creating Jira ticket,Building CXX object,0.0039361994826561525,0.0039361994826561525,0.0039361994826561525
Creating git tag,Building CXX object,0.012779230566367728,0.012779230566367728,0.012779230566367728
Creating new pipeline configuration,Building CXX object,-0.026388267255811747,0.026388267255811747,-0.026388267255811747
Creating release notes,Building CXX object,0.007059049969796406,0.007059049969796406,0.007059049969796406
Creating version header,Building CXX object,0.017327117830529974,0.017327117830529974,0.006106913855905204
Decrypting configuration files,Building CXX object,0.002985437868889545,0.002985437868889545,0.002985437868889545
Dependency chain resolved,Building CXX object,-0.0119233306598732,0.0119233306598732,-0.011207933398792742
Deploying Helm charts,Building CXX object,0.007826687404753448,0.007826687404753448,0.007826687404753448
Deploying to production,Building CXX object,0.0047394635803538,0.0047394635803538,0.0047394635803538
Deploying to staging environment,Building CXX object,0.02404761660606191,0.02404761660606191,0.003951807148261308
Deprecated function used,Building CXX object,0.014421164023367473,0.014421164023367473,0.013444932141930937
Encrypting artifacts,Building CXX object,0.015438917886850125,0.015438917886850125,0.015438917886850125
Entering compilation loop,Building CXX object,0.0011801021611345958,0.0011801021611345958,0.0011801021611345958
Formatting source code,Building CXX object,-5.344879881065571e-05,5.344879881065571e-05,-1.0041769604700078e-05
Generating code coverage report,Building CXX object,-0.0002678091668243469,0.0002678091668243469,-0.0002678091668243469
Generating documentation with Doxygen,Building CXX object,0.0460465854975209,0.0460465854975209,0.02713422061003104
Generating system diagnostics,Building CXX object,-0.0014172538176957436,0.0014172538176957436,-0.0014172538176957436
Installing dependencies,Building CXX object,0.2157562414421397,0.2157562414421397,0.21486978883133803
Linker returned non-zero exit code,Building CXX object,0.3574534555634437,0.3574534555634437,0.3574534555634437
Linking CXX executable,Building CXX object,0.018121936261848225,0.018121936261848225,0.016088912647271535
Linking shared libraries,Building CXX object,-0.000649822985010716,0.000649822985010716,-0.000649822985010716
Logging build statistics,Building CXX object,0.00259885382154752,0.00259885382154752,0.0005930000103265766
Logging health status,Building CXX object,0.03757847264091349,0.03757847264091349,0.03546830279406005
Measuring memory usage,Building CXX object,0.00033243907843278595,0.00033243907843278595,0.00033243907843278595
Merging pull request,Building CXX object,-0.003955320021371651,0.003955320021371651,-0.003955320021371651
Migrating database schema,Building CXX object,0.04213503782223333,0.04213503782223333,0.03830819730200668
Monitoring build agents,Building CXX object,0.005943983606373616,0.005943983606373616,0.005943983606373616
Notifying release manager,Building CXX object,-0.0009116112216150968,0.0009116112216150968,-0.0009116112216150968
Optimizing assets,Building CXX object,-0.00043201436711839676,0.00043201436711839676,-0.00043201436711839676
Out of memory during linking stage,Building CXX object,-0.0006755083601759504,0.0006755083601759504,-0.0006755083601759504
Patching vulnerabilities,Building CXX object,1.54666499293828e-05,1.54666499293828e-05,1.54666499293828e-05
Publishing artifacts to repository,Building CXX object,-0.0010520412363358856,0.0010520412363358856,-0.0010520412363358856
Publishing site,Building CXX object,-0.002325836238399594,0.002325836238399594,-0.002325836238399594
Pulling Docker base image,Building CXX object,-0.008350709907038767,0.008350709907038767,-0.008350709907038767
Pushing changes to remote,Building CXX object,-0.00799511840728991,0.00799511840728991,-0.00799511840728991
Rebalancing workloads,Building CXX object,-0.0007239023035729257,0.0007239023035729257,-0.0007239023035729257
Rebasing branch,Building CXX object,-0.0017312823116155936,0.0017312823116155936,-0.0017312823116155936
Rebooting build server,Building CXX object,0.00040353314407309723,0.00040353314407309723,0.00040353314407309723
Rebuilding failed jobs,Building CXX object,-0.0002456631720988507,0.0002456631720988507,-0.0002456631720988507
Reporting test results,Building CXX object,1.5311640198287774e-06,1.5311640198287774e-06,1.5311640198287774e-06
Restarting database service,Building CXX object,-0.0011640095905922822,0.0011640095905922822,-0.0011640095905922822
Restarting failed containers,Building CXX object,-0.004918122227372866,0.004918122227372866,-0.004918122227372866
Restoring database,Building CXX object,-0.006545849461182829,0.006545849461182829,-0.006545849461182829
Reviewing dependencies,Building CXX object,-0.000508264813012053,0.000508264813012053,-0.000508264813012053
Running integration tests,Building CXX object,0.00014154754419741722,0.00014154754419741722,0.00014154754419741722
Running linter checks,Building CXX object,3.802788714892045e-05,3.802788714892045e-05,3.802788714892045e-05
Running performance tests,Building CXX object,-0.0036608078826519505,0.0036608078826519505,-0.0020060684795487308
Running regression tests,Building CXX object,-0.0028199000904033694,0.0028199000904033694,-0.002562550728978772
Running security scan,Building CXX object,-0.0010178555787308948,0.0010178555787308948,-0.0010178555787308948
Running smoke tests,Building CXX object,0.00930002591665963,0.00930002591665963,0.00930002591665963
Running unit tests,Building CXX object,0.0337793579703089,0.0337793579703089,0.0337793579703089
Scanning for secrets in code,Building CXX object,-0.009763883688542445,0.009763883688542445,-0.009763883688542445
Seeding database,Building CXX object,0.0010545491004708247,0.0010545491004708247,0.0010545491004708247
Sending Slack notification,Building CXX object,-0.0019145097721533625,0.0019145097721533625,-0.001726613035601164
Signing release packages,Building CXX object,-0.018366243302669713,0.018366243302669713,-0.01647664663373604
Starting CI job,Building CXX object,0.003057547858884956,0.003057547858884956,0.003057547858884956
Syncing mirrors,Building CXX object,0.005415889931919886,0.005415889931919886,0.0038721085077452052
Syncing with GitHub,Building CXX object,0.015414530523388674,0.015414530523388674,0.007266770214503905
"TRACE socket recv timeout, backing off 200ms",Building CXX object,0.0033376035890417695,0.0033376035890417695,0.0033376035890417695
Tagging Docker image,Building CXX object,-0.003056400189316982,0.003056400189316982,-0.003056400189316982
Tracking build metrics,Building CXX object,0.0017526332719199277,0.0017526332719199277,0.00014736519515729223
Triggering downstream jobs,Building CXX object,0.0027035160835970217,0.0027035160835970217,0.0019595508147550816
Triggering webhook,Building CXX object,-0.00164331193179533,0.00164331193179533,-0.0005091054838097231
Uploading crash reports,Building CXX object,0.0036344283265779716,0.0036344283265779716,0.0036344283265779716
Uploading logs to S3,Building CXX object,0.003772641982073151,0.003772641982073151,0.0010784134596776142
Uploading sourcemaps,Building CXX object,-0.003964135978196866,0.003964135978196866,-0.003964135978196866
Validating Kubernetes manifests,Building CXX object,0.004450299204952232,0.004450299204952232,0.003610513128781127
Validating deployment,Building CXX object,0.0023000100595978426,0.0023000100595978426,0.00144942558625104
Verifying checksums,Building CXX object,0.0021033755816381536,0.0021033755816381536,0.0007467647794849959
Verifying dependency integrity,Building CXX object,-0.00618180603217048,0.00618180603217048,-0.0017806456939761205
Verifying digital signatures,Building CXX object,0.0016814854736852767,0.0016814854736852767,0.0016814854736852767
Verifying git tag signature,Building CXX object,0.0002877972808258898,0.0002877972808258898,0.0002877972808258898
Verifying service health checks,Building CXX object,6.523256744360308e-05,6.523256744360308e-05,6.523256744360308e-05
WARN retrying connection to mirror (attempt 3/5),Building CXX object,0.003822041307058483,0.003822041307058483,0.0033877140121468296
^[[0;31mANSI color spill^[[0m,Building CXX object,-0.006500968885388586,0.006500968885388586,-0.006500968885388586
dmesg: CPU soft lockup detected on core 3,Building CXX object,-0.006349155443999761,0.006349155443999761,-0.002867148250911283
gc: collecting generation 2 ... done,Building CXX object,-0.0031254836223056654,0.0031254836223056654,-0.0031254836223056654
java.lang.NullPointerException at com.example.Main:142,Building CXX object,0.0017760766637345989,0.0017760766637345989,0.0017760766637345989
###### random boundary #####,Building Java classes,-0.002097012641454547,0.002097012641454547,-0.00039720691679531316
Analyzing CPU usage,Building Java classes,-0.0025008142902929044,0.0025008142902929044,-0.0025008142902929044
Analyzing historical trends,Building Java classes,0.5485008106473013,0.5485008106473013,0.29798882912682656
Analyzing static code,Building Java classes,0.004757811815529758,0.004757811815529758,0.004019967445130006
Archiving build artifacts,Building Java classes,-0.21071158018698274,0.21071158018698274,-0.20965575742918333
Backing up database,Building Java classes,-0.16729145716195115,0.16729145716195115,-0.16729145716195115
Building CXX object,Building Java classes,-0.00046627028051689093,0.00046627028051689093,-0.00046627028051689093
Checking available memory,Building Java classes,0.000756946224857917,0.000756946224857917,0.0006226958951088955
Checking code style,Building Java classes,-0.003395322093053414,0.003395322093053414,-0.0023251281056567456
Checking database connectivity,Building Java classes,0.0015700324806669176,0.0015700324806669176,0.0015700324806669176
Checking disk space,Building Java classes,0.003343408606067318,0.003343408606067318,0.003343408606067318
Checking out branch,Building Java classes,-0.03433119748007586,0.03433119748007586,-0.03275697526037945
Cleaning Docker cache,Building Java classes,-0.0387292688662341,0.0387292688662341,-0.0387292688662341
Cloning repository,Building Java classes,0.0011234314696353931,0.0011234314696353931,0.0011234314696353931
Compiling TypeScript files,Building Java classes,0.005630414380883875,0.005630414380883875,0.0018906284734274497
Compressing log files,Building Java classes,0.0016706802145370037,0.0016706802145370037,0.0016706802145370037
Configuring build environment,Building Java classes,-0.0039233229796399776,0.0039233229796399776,-0.0038548363608660423
Converting markdown to HTML,Building Java classes,-0.00015993723025024899,0.00015993723025024899,-0.00015993723025024899
Creating Jira ticket,Building Java classes,0.00017481929457919453,0.00017481929457919453,0.00017481929457919453
Creating git tag,Building Java classes,0.004196317198487037,0.004196317198487037,0.004133828765134547
Creating version header,Building Java classes,0.004426523854585734,0.004426523854585734,0.004426523854585734
Decrypting configuration files,Building Java classes,0.003916208103609298,0.003916208103609298,0.003916208103609298
Dependency chain resolved,Building Java classes,-0.0020853981681503413,0.0020853981681503413,-0.0020853981681503413
Deploying Helm charts,Building Java classes,-0.0033141331954682786,0.0033141331954682786,-0.0016590635722900176
Deploying to production,Building Java classes,-5.2546944385953826e-05,5.2546944385953826e-05,-5.2546944385953826e-05
Deploying to staging environment,Building Java classes,0.005816592384004435,0.005816592384004435,0.0017083935288186125
Deprecated function used,Building Java classes,0.007985853983697548,0.007985853983697548,0.005895810630758216
Encrypting artifacts,Building Java classes,0.0039827558435761795,0.0039827558435761795,0.0039827558435761795
Entering compilation loop,Building Java classes,0.002428826638053338,0.002428826638053338,0.002428826638053338
Finalizing CI job,Building Java classes,0.0023536659145040836,0.0023536659145040836,0.0023536659145040836
Formatting source code,Building Java classes,0.001754386975171907,0.001754386975171907,0.00021642088171074136
Generating code coverage report,Building Java classes,-0.000544099380012973,0.000544099380012973,-0.000544099380012973
Generating documentation with Doxygen,Building Java classes,0.10632399740978385,0.10632399740978385,0.08316178007460637
Generating system diagnostics,Building Java classes,-0.00036617186302148375,0.00036617186302148375,-0.00036617186302148375
Installing dependencies,Building Java classes,0.10290825191038179,0.10290825191038179,0.09981279821031915
Linker returned non-zero exit code,Building Java classes,0.2669084650619549,0.2669084650619549,0.26280826654097705
Linking CXX executable,Building Java classes,-0.11400429649392874,0.11400429649392874,-0.11400429649392874
Linking shared libraries,Building Java classes,0.0006351774900802191,0.0006351774900802191,0.0006351774900802191
Logging build statistics,Building Java classes,-0.0015919560953527169,0.0015919560953527169,-0.0006665975024713264
Logging health status,Building Java classes,0.00937430230217497,0.00937430230217497,0.00841073645445095
Measuring memory usage,Building Java classes,0.001773229936035152,0.001773229936035152,0.001773229936035152
Merging pull request,Building Java classes,-0.003614726775077119,0.003614726775077119,-0.003614726775077119
Migrating database schema,Building Java classes,0.34900646359517834,0.34900646359517834,0.34485947659456356
Notifying release manager,Building Java classes,-0.0011431859926524252,0.0011431859926524252,-0.0011431859926524252
Optimizing assets,Building Java classes,-0.000673251391017338,0.000673251391017338,-0.000673251391017338
Out of memory during linking stage,Building Java classes,-0.0015743232262186676,0.0015743232262186676,-0.0015743232262186676
Patching vulnerabilities,Building Java classes,0.004487105522993156,0.004487105522993156,0.0031490551631798295
Publishing site,Building Java classes,-0.0006256101673951494,0.0006256101673951494,-0.0006256101673951494
Pulling Docker base image,Building Java classes,-0.0025245522643636896,0.0025245522643636896,-0.0025245522643636896
Pushing changes to remote,Building Java classes,-0.0024363596243373977,0.0024363596243373977,-0.0024363596243373977
Rebalancing workloads,Building Java classes,-0.0026032813729733213,0.0026032813729733213,-0.0026032813729733213
Rebooting build server,Building Java classes,-0.0009095375506467101,0.0009095375506467101,-0.0009095375506467101
Rebuilding failed jobs,Building Java classes,-0.0053613084873314855,0.0053613084873314855,-0.00012847343530211254
Reporting test results,Building Java classes,-0.0011207891615871617,0.0011207891615871617,-0.0011207891615871617
Restarting database service,Building Java classes,-9.397365044446001e-05,9.397365044446001e-05,-9.397365044446001e-05
Restarting failed containers,Building Java classes,-0.0011332512052921512,0.0011332512052921512,-0.0011332512052921512
Restoring database,Building Java classes,-0.004908674297511507,0.004908674297511507,-0.004908674297511507
Reviewing dependencies,Building Java classes,-0.00030418757635699835,0.00030418757635699835,-0.00030418757635699835
Running integration tests,Building Java classes,0.0010477228654978705,0.0010477228654978705,0.0010477228654978705
Running linter checks,Building Java classes,0.0005893991917613848,0.0005893991917613848,0.0005893991917613848
Running performance tests,Building Java classes,0.0016306473486478892,0.0016306473486478892,0.0016306473486478892
Running regression tests,Building Java classes,0.006609706912748632,0.006609706912748632,0.003691168040435875
Running security scan,Building Java classes,0.0020523226155604746,0.0020523226155604746,0.0020523226155604746
Running smoke tests,Building Java classes,0.029663975950391604,0.029663975950391604,0.028017158203229277
Running unit tests,Building Java classes,0.11141258909178997,0.11141258909178997,0.11141258909178997
Scanning for secrets in code,Building Java classes,-0.022553670872967547,0.022553670872967547,-0.022553670872967547
Seeding database,Building Java classes,0.0012490848213381977,0.0012490848213381977,0.0012490848213381977
Sending Slack notification,Building Java classes,0.0002023855453639805,0.0002023855453639805,0.0002023855453639805
Sending report via email,Building Java classes,0.001139087721972124,0.001139087721972124,0.001139087721972124
Signing release packages,Building Java classes,-0.006055825172411554,0.006055825172411554,-0.006055825172411554
Starting CI job,Building Java classes,-0.0015617262743822216,0.0015617262743822216,-0.0009219615930032566
Syncing mirrors,Building Java classes,0.0001308963617245088,0.0001308963617245088,8.225184950133892e-05
Syncing with GitHub,Building Java classes,0.025519573353619703,0.025519573353619703,0.025074234928076585
"TRACE socket recv timeout, backing off 200ms",Building Java classes,-0.0009186208567239237,0.0009186208567239237,-0.0008642201599273835
Tagging Docker image,Building Java classes,-0.0005576802457235641,0.0005576802457235641,-0.0005576802457235641
Triggering downstream jobs,Building Java classes,-0.000753132821109749,0.000753132821109749,-3.818040755524505e-05
Triggering webhook,Building Java classes,-6.627667188265524e-05,6.627667188265524e-05,-6.627667188265524e-05
Uploading crash reports,Building Java classes,-0.0008145853646680581,0.0008145853646680581,-0.0008145853646680581
Uploading logs to S3,Building Java classes,-0.0005934178738221369,0.0005934178738221369,-0.0005934178738221369
Uploading sourcemaps,Building Java classes,0.0017472165222825104,0.0017472165222825104,0.00054039928781313
Validating Kubernetes manifests,Building Java classes,-0.0003995495674138579,0.0003995495674138579,-0.0003995495674138579
Validating deployment,Building Java classes,0.0011365796047128418,0.0011365796047128418,0.0003369792764064769
Verifying checksums,Building Java classes,0.0008886834268058486,0.0008886834268058486,0.0008886834268058486
Verifying dependency integrity,Building Java classes,0.001033828666373954,0.001033828666373954,0.000412695267613827
Verifying digital signatures,Building Java classes,0.00012090823139104142,0.00012090823139104142,0.00012090823139104142
Verifying git tag signature,Building Java classes,-0.0007207587952802361,0.0007207587952802361,-0.0007207587952802361
Verifying service health checks,Building Java classes,-0.003653134141576003,0.003653134141576003,-0.003653134141576003
WARN retrying connection to mirror (attempt 3/5),Building Java classes,-0.0013951668888857014,0.0013951668888857014,-0.0013951668888857014
^[[0;31mANSI color spill^[[0m,Building Java classes,-0.0007465489528043663,0.0007465489528043663,-0.0007465489528043663
dmesg: CPU soft lockup detected on core 3,Building Java classes,0.0031389685548980613,0.0031389685548980613,0.001674508166111148
java.lang.NullPointerException at com.example.Main:142,Building Java classes,-0.0018338883243183765,0.0018338883243183765,-0.0018338883243183765
Analyzing CPU usage,Checking database connectivity,-0.00037974085849500804,0.00037974085849500804,-0.00037974085849500804
Analyzing historical trends,Checking database connectivity,0.0014174159102058365,0.0014174159102058365,0.0014174159102058365
Archiving build artifacts,Checking database connectivity,-0.0012904601707954334,0.0012904601707954334,-0.0012904601707954334
Building CXX object,Checking database connectivity,0.0004670147340794454,0.0004670147340794454,0.0004670147340794454
Checking disk space,Checking database connectivity,0.0012607262925748016,0.0012607262925748016,0.0012607262925748016
Cleaning Docker cache,Checking database connectivity,0.00028923228663961493,0.00028923228663961493,0.00028923228663961493
Compiling TypeScript files,Checking database connectivity,0.000815273411268941,0.000815273411268941,0.000815273411268941
Converting markdown to HTML,Checking database connectivity,0.0022541175472031065,0.0022541175472031065,0.0022541175472031065
Creating Jira ticket,Checking database connectivity,0.00024305885779752462,0.00024305885779752462,0.00024305885779752462
Creating release notes,Checking database connectivity,0.0024795483497327517,0.0024795483497327517,0.0024795483497327517
Creating version header,Checking database connectivity,0.0018359312245053452,0.0018359312245053452,0.0018359312245053452
Decrypting configuration files,Checking database connectivity,0.5343107257903675,0.5343107257903675,0.5343107257903675
Deploying to staging environment,Checking database connectivity,0.00040060061134586605,0.00040060061134586605,0.00040060061134586605
Encrypting artifacts,Checking database connectivity,0.007703848925365126,0.007703848925365126,0.007703848925365126
Generating documentation with Doxygen,Checking database connectivity,-0.0006646519549410328,0.0006646519549410328,-0.0006646519549410328
Logging health status,Checking database connectivity,6.470653801773041e-05,6.470653801773041e-05,6.470653801773041e-05
Optimizing assets,Checking database connectivity,0.18865733308416424,0.18865733308416424,0.18865733308416424
Pulling Docker base image,Checking database connectivity,-0.002394886217534187,0.002394886217534187,-0.0013483367503296455
Pushing Docker image,Checking database connectivity,0.11537582624663593,0.11537582624663593,0.11537582624663593
Rebasing branch,Checking database connectivity,0.00010586950746410675,0.00010586950746410675,0.00010586950746410675
Running integration tests,Checking database connectivity,-4.849751440822877e-05,4.849751440822877e-05,-4.849751440822877e-05
Running performance tests,Checking database connectivity,0.009481564787455639,0.009481564787455639,0.0014502782366890969
Running regression tests,Checking database connectivity,-0.16970593049288882,0.16970593049288882,-0.16970593049288882
Running smoke tests,Checking database connectivity,0.003413868066556631,0.003413868066556631,0.003413868066556631
Running unit tests,Checking database connectivity,0.004394897805385382,0.004394897805385382,0.004394897805385382
Scanning for secrets in code,Checking database connectivity,-0.003175420500141172,0.003175420500141172,-0.003175420500141172
Seeding database,Checking database connectivity,-0.005318594272939518,0.005318594272939518,-0.005318594272939518
Sending Slack notification,Checking database connectivity,-0.004835372890360869,0.004835372890360869,-0.004835372890360869
Sending report via email,Checking database connectivity,0.0011889606852122849,0.0011889606852122849,0.0011889606852122849
Signing release packages,Checking database connectivity,-3.7930903756164806e-05,3.7930903756164806e-05,-3.7930903756164806e-05
Syncing mirrors,Checking database connectivity,0.010834101565994209,0.010834101565994209,0.0075019397734890645
Syncing with GitHub,Checking database connectivity,-0.0016729022504652726,0.0016729022504652726,-0.0016729022504652726
"TRACE socket recv timeout, backing off 200ms",Checking database connectivity,0.00040413352471504945,0.00040413352471504945,0.00040413352471504945
Tagging Docker image,Checking database connectivity,0.0012524792032915283,0.0012524792032915283,0.0012524792032915283
Tracking build metrics,Checking database connectivity,0.001703752761556897,0.001703752761556897,0.001703752761556897
Triggering downstream jobs,Checking database connectivity,0.0012881580370409987,0.0012881580370409987,0.0012881580370409987
Uploading crash reports,Checking database connectivity,-0.0029374191766659394,0.0029374191766659394,-0.0029374191766659394
Uploading logs to S3,Checking database connectivity,-0.002674268321716525,0.002674268321716525,-0.002674268321716525
Uploading sourcemaps,Checking database connectivity,0.0040151899629124275,0.0040151899629124275,0.0040151899629124275
Validating Kubernetes manifests,Checking database connectivity,-0.0014266070040021895,0.0014266070040021895,-0.0014266070040021895
Validating deployment,Checking database connectivity,-0.0004126440858772953,0.0004126440858772953,-0.0004126440858772953
Verifying checksums,Checking database connectivity,0.0029992981966263355,0.0029992981966263355,0.0029992981966263355
Verifying dependency integrity,Checking database connectivity,0.003657551753349866,0.003657551753349866,0.0006484694614649893
Verifying git tag signature,Checking database connectivity,0.0034386380245334342,0.0034386380245334342,0.001503757017769393
Verifying service health checks,Checking database connectivity,0.0012716246442340724,0.0012716246442340724,0.0008445823687178485
WARN retrying connection to mirror (attempt 3/5),Checking database connectivity,0.0003385744576388349,0.0003385744576388349,0.0003385744576388349
^[[0;31mANSI color spill^[[0m,Checking database connectivity,-0.0025680720081700066,0.0025680720081700066,-0.00199630230350711
dmesg: CPU soft lockup detected on core 3,Checking database connectivity,0.0010767299718727264,0.0010767299718727264,0.0002652067945733459
gc: collecting generation 2 ... done,Checking database connectivity,0.004480857942500774,0.004480857942500774,0.004480857942500774
java.lang.NullPointerException at com.example.Main:142,Checking database connectivity,0.002223673827827913,0.002223673827827913,0.002223673827827913
Archiving build artifacts,Checking out branch,0.9042392629746007,0.9042392629746007,0.9042392629746007
Generating code coverage report,Checking out branch,-0.0015936037641346413,0.0015936037641346413,-0.0015936037641346413
Installing dependencies,Checking out branch,-0.0003948794897396426,0.0003948794897396426,-0.0003948794897396426
Linker returned non-zero exit code,Checking out branch,0.00045955397297926895,0.00045955397297926895,0.00045955397297926895
Linking shared libraries,Checking out branch,-0.0004709953143697103,0.0004709953143697103,-0.0004709953143697103
Logging build statistics,Checking out branch,-0.0019283094203989685,0.0019283094203989685,-0.0019283094203989685
Measuring memory usage,Checking out branch,0.0005690705298649681,0.0005690705298649681,0.0005690705298649681
Notifying release manager,Checking out branch,-0.0004166892604299081,0.0004166892604299081,-0.0004166892604299081
Publishing artifacts to repository,Checking out branch,-0.0002600864194256019,0.0002600864194256019,-0.0002600864194256019
Pulling Docker base image,Checking out branch,0.0003286635013420713,0.0003286635013420713,0.0003286635013420713
Pushing Docker image,Checking out branch,-0.0004956821056359413,0.0004956821056359413,-0.0004956821056359413
Rebooting build server,Checking out branch,0.0008742779169147834,0.0008742779169147834,0.0008742779169147834
Sending report via email,Checking out branch,0.0002370707400818355,0.0002370707400818355,0.0002370707400818355
Analyzing static code,Cleaning Docker cache,0.006910515795474987,0.006910515795474987,0.006910515795474987
Logging health status,Cleaning Docker cache,0.003008954843892418,0.003008954843892418,0.003008954843892418
###### random boundary #####,Cloning repository,0.022612736770755884,0.022612736770755884,0.021448433718639474
Analyzing CPU usage,Cloning repository,-0.08595586324188804,0.08595586324188804,-0.04350619845285329
Analyzing historical trends,Cloning repository,0.14299094229229187,0.14299094229229187,0.03133662271335476
Analyzing static code,Cloning repository,0.04870505229093959,0.04870505229093959,0.04870505229093959
Archiving build artifacts,Cloning repository,-0.14978067138944606,0.14978067138944606,-0.13566017766235272
Backing up database,Cloning repository,0.011668895310723758,0.011668895310723758,0.011668895310723758
Building CXX object,Cloning repository,0.028136877319055863,0.028136877319055863,0.028136877319055863
Building Java classes,Cloning repository,0.01808453062942976,0.01808453062942976,0.01808453062942976
Checking available memory,Cloning repository,0.016639807906110665,0.016639807906110665,0.013291270471883086
Checking code style,Cloning repository,-0.1016430767858546,0.1016430767858546,-0.1016430767858546
Checking database connectivity,Cloning repository,0.016781443088568826,0.016781443088568826,0.011919473367190053
Checking disk space,Cloning repository,0.048066025732416334,0.048066025732416334,0.048066025732416334
Checking out branch,Cloning repository,-0.07587545541492818,0.07587545541492818,-0.06362637348542899
Cleaning Docker cache,Cloning repository,0.02056223881719518,0.02056223881719518,0.02056223881719518
Compiling TypeScript files,Cloning repository,-0.08394133822367031,0.08394133822367031,-0.014304302634133466
Compressing log files,Cloning repository,0.016889886175060397,0.016889886175060397,0.013381811503646382
Configuring build environment,Cloning repository,-0.058089162872779224,0.058089162872779224,-0.027595048458358418
Converting markdown to HTML,Cloning repository,0.026476529664833836,0.026476529664833836,0.026476529664833836
Creating Jira ticket,Cloning repository,0.022470249022510654,0.022470249022510654,0.022470249022510654
Creating git tag,Cloning repository,0.056052401580881775,0.056052401580881775,0.056052401580881775
Creating new pipeline configuration,Cloning repository,-0.13109788793195498,0.13109788793195498,-0.11295978926743114
Creating release notes,Cloning repository,0.02078918290356411,0.02078918290356411,0.02078918290356411
Creating version header,Cloning repository,0.0737960060792646,0.0737960060792646,0.00782925171546088
Decrypting configuration files,Cloning repository,0.031979559512717526,0.031979559512717526,0.031979559512717526
Dependency chain resolved,Cloning repository,-0.06218690643119159,0.06218690643119159,-0.03082195698965568
Deploying Helm charts,Cloning repository,0.016522657023164564,0.016522657023164564,0.016522657023164564
Deploying to production,Cloning repository,0.03012700175071658,0.03012700175071658,0.03012700175071658
Deploying to staging environment,Cloning repository,0.09448254856384211,0.09448254856384211,0.009581176652350587
Deprecated function used,Cloning repository,0.05112638222561941,0.05112638222561941,0.05112638222561941
Encrypting artifacts,Cloning repository,0.04856540732120851,0.04856540732120851,0.04856540732120851
Entering compilation loop,Cloning repository,0.019400066460925368,0.019400066460925368,0.019400066460925368
Finalizing CI job,Cloning repository,-0.0015994794895292665,0.0015994794895292665,-0.0015994794895292665
Formatting source code,Cloning repository,0.002158602103357848,0.002158602103357848,0.0008331630915448551
Generating code coverage report,Cloning repository,0.0005037999559167553,0.0005037999559167553,0.00028660068770809905
Generating documentation with Doxygen,Cloning repository,0.10127096743937616,0.10127096743937616,0.08907590494356149
Generating system diagnostics,Cloning repository,-0.0034184551250063225,0.0034184551250063225,-0.0034184551250063225
Installing dependencies,Cloning repository,0.009834156332067362,0.009834156332067362,0.009323111849192807
Linker returned non-zero exit code,Cloning repository,-0.022835653968854976,0.022835653968854976,-0.022835653968854976
Linking CXX executable,Cloning repository,0.033908111761293054,0.033908111761293054,0.033908111761293054
Linking shared libraries,Cloning repository,-0.0021555555913674277,0.0021555555913674277,-0.0015100848088242125
Logging build statistics,Cloning repository,0.005024375972485579,0.005024375972485579,0.00261219828335638
Logging health status,Cloning repository,0.14798329938552998,0.14798329938552998,0.14798329938552998
Measuring memory usage,Cloning repository,0.0053804404447415225,0.0053804404447415225,0.0053804404447415225
Merging pull request,Cloning repository,-0.002734854110094549,0.002734854110094549,-0.0010107152160463426
Monitoring build agents,Cloning repository,0.03770519572836347,0.03770519572836347,0.03665785490633206
Notifying release manager,Cloning repository,0.0006868813067697477,0.0006868813067697477,0.0002457941806277114
Optimizing assets,Cloning repository,-0.004707561523136584,0.004707561523136584,-0.004707561523136584
Out of memory during linking stage,Cloning repository,0.005298196257361875,0.005298196257361875,0.004181283717104699
Patching vulnerabilities,Cloning repository,0.006092685742437064,0.006092685742437064,0.006092685742437064
Publishing artifacts to repository,Cloning repository,0.002312268882050197,0.002312268882050197,0.0010940472851533104
Publishing site,Cloning repository,-0.0007288063872864477,0.0007288063872864477,-0.0007288063872864477
Pulling Docker base image,Cloning repository,-0.0032450023518962555,0.0032450023518962555,-0.0032450023518962555
Pushing Docker image,Cloning repository,-0.0012179710349201048,0.0012179710349201048,-0.0012179710349201048
Pushing changes to remote,Cloning repository,-0.026609020616482848,0.026609020616482848,-0.026609020616482848
Rebalancing workloads,Cloning repository,-0.0016896036460971957,0.0016896036460971957,-0.0016896036460971957
Rebasing branch,Cloning repository,-0.00516723716929345,0.00516723716929345,-0.00516723716929345
Rebooting build server,Cloning repository,-0.0017615245985936698,0.0017615245985936698,-0.0017615245985936698
Rebuilding failed jobs,Cloning repository,-0.001007101202029953,0.001007101202029953,-0.001007101202029953
Reporting test results,Cloning repository,0.005569691061862561,0.005569691061862561,0.004623150107144977
Restarting failed containers,Cloning repository,-0.0015061395824527797,0.0015061395824527797,-0.0015061395824527797
Restoring database,Cloning repository,-0.0016825667087239594,0.0016825667087239594,-0.0016825667087239594
Reviewing dependencies,Cloning repository,-0.0035926103473866685,0.0035926103473866685,-0.002494472609718728
Running integration tests,Cloning repository,0.01620961959242835,0.01620961959242835,0.01620961959242835
Running linter checks,Cloning repository,0.012608158470380246,0.012608158470380246,0.012608158470380246
Running performance tests,Cloning repository,-0.001294927324473209,0.001294927324473209,-0.001294927324473209
Running regression tests,Cloning repository,0.006672874656647275,0.006672874656647275,0.005627658254766925
Running security scan,Cloning repository,-0.0023616129604508936,0.0023616129604508936,-0.0023616129604508936
Running smoke tests,Cloning repository,0.0005463858075364182,0.0005463858075364182,0.0005463858075364182
Running unit tests,Cloning repository,0.000681646614026748,0.000681646614026748,0.000681646614026748
Scanning for secrets in code,Cloning repository,0.0062398919968061324,0.0062398919968061324,0.0062398919968061324
Seeding database,Cloning repository,-0.0028248245252655755,0.0028248245252655755,-0.0028248245252655755
Sending Slack notification,Cloning repository,-0.0016437803156261722,0.0016437803156261722,-0.0016437803156261722
Sending report via email,Cloning repository,0.017777635645036753,0.017777635645036753,0.017777635645036753
Signing release packages,Cloning repository,-0.06389071308005581,0.06389071308005581,-0.06307877447250015
Syncing mirrors,Cloning repository,-0.005708921493300555,0.005708921493300555,-0.0013396998714813911
Syncing with GitHub,Cloning repository,0.0017246016560579281,0.0017246016560579281,0.0017246016560579281
Tagging Docker image,Cloning repository,-0.006663705534013768,0.006663705534013768,-0.006663705534013768
Tracking build metrics,Cloning repository,-0.0033792406864775943,0.0033792406864775943,-0.0033792406864775943
Triggering downstream jobs,Cloning repository,0.0009631402700548344,0.0009631402700548344,0.0009631402700548344
Triggering webhook,Cloning repository,-0.0043747495439216974,0.0043747495439216974,-0.0043747495439216974
Uploading crash reports,Cloning repository,0.002117251161221589,0.002117251161221589,0.00045247020477192013
Uploading logs to S3,Cloning repository,-0.002620860878471986,0.002620860878471986,-0.002027771271519137
Validating Kubernetes manifests,Cloning repository,-0.00209273392795442,0.00209273392795442,-0.00209273392795442
Validating deployment,Cloning repository,-0.001222981989045931,0.001222981989045931,-0.0010811617546385435
Verifying checksums,Cloning repository,0.005972542470637564,0.005972542470637564,0.004401601181045034
Verifying dependency integrity,Cloning repository,-0.0005887382494671853,0.0005887382494671853,-0.0005326456137358785
Verifying git tag signature,Cloning repository,0.0007429827973225814,0.0007429827973225814,0.0007429827973225814
Verifying service health checks,Cloning repository,-0.003594507948517865,0.003594507948517865,-0.003594507948517865
WARN retrying connection to mirror (attempt 3/5),Cloning repository,-0.0010590710351334426,0.0010590710351334426,-0.0010590710351334426
dmesg: CPU soft lockup detected on core 3,Cloning repository,-0.0018173920928191822,0.0018173920928191822,-0.0009410591624443753
gc: collecting generation 2 ... done,Cloning repository,0.0035290992251653767,0.0035290992251653767,0.0029844091768251816
java.lang.NullPointerException at com.example.Main:142,Cloning repository,0.012173797045924301,0.012173797045924301,0.012173797045924301
###### random boundary #####,Configuring build environment,-0.00229008499533381,0.00229008499533381,-0.0012603646593217326
Analyzing CPU usage,Configuring build environment,-0.0009546172709398878,0.0009546172709398878,-0.0009546172709398878
Analyzing historical trends,Configuring build environment,0.23877854472167548,0.23877854472167548,0.23877854472167548
Analyzing static code,Configuring build environment,-0.012031415136809751,0.012031415136809751,-0.008587181255018173
Archiving build artifacts,Configuring build environment,0.7057628041259333,0.7057628041259333,0.7057628041259333
Backing up database,Configuring build environment,0.029183761335074488,0.029183761335074488,0.029183761335074488
Building CXX object,Configuring build environment,0.0038680042720642873,0.0038680042720642873,0.0038680042720642873
Building Java classes,Configuring build environment,0.0008562837293518092,0.0008562837293518092,0.0005041700646787807
Checking available memory,Configuring build environment,-0.004086617581397799,0.004086617581397799,-0.0012002798454077306
Checking code style,Configuring build environment,-0.0031663001161361605,0.0031663001161361605,-0.001898781702244673
Checking database connectivity,Configuring build environment,-0.009145829804643096,0.009145829804643096,-0.004529776179516031
Checking disk space,Configuring build environment,-0.010478202162119333,0.010478202162119333,-0.010478202162119333
Checking out branch,Configuring build environment,1.0346629524279571,1.0346629524279571,1.0293722861923984
Cleaning Docker cache,Configuring build environment,0.013906775902972651,0.013906775902972651,0.013026530364154507
Cloning repository,Configuring build environment,-0.0006944574983156809,0.0006944574983156809,-0.0006944574983156809
Compiling TypeScript files,Configuring build environment,-0.009497123645892436,0.009497123645892436,-0.0068201354849727995
Compressing log files,Configuring build environment,-0.0058429424204896495,0.0058429424204896495,-8.093171781935107e-05
Converting markdown to HTML,Configuring build environment,0.0029734028590581727,0.0029734028590581727,0.0029734028590581727
Creating Jira ticket,Configuring build environment,0.0003315611536652564,0.0003315611536652564,0.0003315611536652564
Creating git tag,Configuring build environment,-0.007006676909515351,0.007006676909515351,-0.0061113315473514925
Creating release notes,Configuring build environment,-0.0008584889663696581,0.0008584889663696581,-0.00019783409172586055
Creating version header,Configuring build environment,-0.01073738122156103,0.01073738122156103,-0.01073738122156103
Decrypting configuration files,Configuring build environment,-0.011329040520130867,0.011329040520130867,-0.007465800274195782
Dependency chain resolved,Configuring build environment,0.0028761984177609343,0.0028761984177609343,0.0028761984177609343
Deploying Helm charts,Configuring build environment,0.007581518339951684,0.007581518339951684,0.001134200514989494
Deploying to production,Configuring build environment,0.0047618947577409455,0.0047618947577409455,0.0041140332306959905
Deploying to staging environment,Configuring build environment,-0.0024494306058231797,0.0024494306058231797,-0.002404617554923016
Deprecated function used,Configuring build environment,-0.014253978638513489,0.014253978638513489,-0.012885911931261866
Encrypting artifacts,Configuring build environment,-0.008927923977550782,0.008927923977550782,-0.007868838245355976
Entering compilation loop,Configuring build environment,-0.0034883859497767842,0.0034883859497767842,-0.002889146084983355
Finalizing CI job,Configuring build environment,-0.007732999541719281,0.007732999541719281,-0.007732999541719281
Formatting source code,Configuring build environment,-0.004633966834007274,0.004633966834007274,-0.004633966834007274
Generating documentation with Doxygen,Configuring build environment,-0.07837346672883856,0.07837346672883856,-0.042745693414850044
Generating system diagnostics,Configuring build environment,0.006514896408196562,0.006514896408196562,0.006514896408196562
Installing dependencies,Configuring build environment,-0.6268312823954878,0.6268312823954878,-0.6268312823954878
Linker returned non-zero exit code,Configuring build environment,-0.7909618126610447,0.7909618126610447,-0.7847448017603831
Linking CXX executable,Configuring build environment,-0.028527246718007625,0.028527246718007625,-0.021090253628686113
Linking shared libraries,Configuring build environment,0.0071187349983284935,0.0071187349983284935,0.0071187349983284935
Logging build statistics,Configuring build environment,-0.002716111046703567,0.002716111046703567,-0.0017669748230655
Logging health status,Configuring build environment,-0.021239406254308254,0.021239406254308254,-0.01598212082734459
Measuring memory usage,Configuring build environment,0.00011504104370766513,0.00011504104370766513,0.00011504104370766513
Merging pull request,Configuring build environment,0.006720596322020073,0.006720596322020073,0.006720596322020073
Migrating database schema,Configuring build environment,-0.08405650860073159,0.08405650860073159,-0.07634420012408134
Monitoring build agents,Configuring build environment,0.006456562526654906,0.006456562526654906,0.0020891649867104327
Notifying release manager,Configuring build environment,0.005398419976941892,0.005398419976941892,0.005398419976941892
Optimizing assets,Configuring build environment,-0.004671207622893041,0.004671207622893041,-0.00016055483799790157
Out of memory during linking stage,Configuring build environment,0.001840520537007967,0.001840520537007967,0.001840520537007967
Patching vulnerabilities,Configuring build environment,-0.00692943134067976,0.00692943134067976,-0.00692943134067976
Publishing artifacts to repository,Configuring build environment,0.0010505879622297392,0.0010505879622297392,0.0007327328317540602
Publishing site,Configuring build environment,0.0015660205928061776,0.0015660205928061776,0.0015364403055182607
Pulling Docker base image,Configuring build environment,0.0074644239421046135,0.0074644239421046135,0.0074644239421046135
Pushing Docker image,Configuring build environment,-0.0012211870617540956,0.0012211870617540956,-0.0012211870617540956
Pushing changes to remote,Configuring build environment,0.006861808787706636,0.006861808787706636,0.006861808787706636
Rebalancing workloads,Configuring build environment,0.0012295752422759798,0.0012295752422759798,0.0012295752422759798
Rebasing branch,Configuring build environment,0.007918294411682006,0.007918294411682006,0.007918294411682006
Rebooting build server,Configuring build environment,0.002112452887021141,0.002112452887021141,0.002112452887021141
Rebuilding failed jobs,Configuring build environment,-0.005344934904746558,0.005344934904746558,-0.0038228129579864576
Reporting test results,Configuring build environment,-0.0007134924277394032,0.0007134924277394032,-0.0002794085925528552
Restarting database service,Configuring build environment,-0.005557646303041783,0.005557646303041783,-0.005557646303041783
Restarting failed containers,Configuring build environment,0.007145466740071102,0.007145466740071102,0.007145466740071102
Restoring database,Configuring build environment,0.007968717280260334,0.007968717280260334,0.007968717280260334
Reviewing dependencies,Configuring build environment,-0.0016719206063605281,0.0016719206063605281,-0.0016719206063605281
Running integration tests,Configuring build environment,-0.000549219839395993,0.000549219839395993,-0.000549219839395993
Running linter checks,Configuring build environment,-0.0013344414581563145,0.0013344414581563145,-0.0013344414581563145
Running performance tests,Configuring build environment,0.000814598488276184,0.000814598488276184,0.000814598488276184
Running regression tests,Configuring build environment,-0.013696326736664495,0.013696326736664495,-0.004406320975109703
Running security scan,Configuring build environment,0.0007077431578612762,0.0007077431578612762,0.0007077431578612762
Running smoke tests,Configuring build environment,-0.03726306788658451,0.03726306788658451,-0.03726306788658451
Running unit tests,Configuring build environment,-0.11608109576112786,0.11608109576112786,-0.11608109576112786
Scanning for secrets in code,Configuring build environment,0.014584416692264594,0.014584416692264594,0.013566146514511749
Seeding database,Configuring build environment,0.0026606752605677895,0.0026606752605677895,0.0026606752605677895
Sending report via email,Configuring build environment,0.0021099823062810602,0.0021099823062810602,0.0010334930494509654
Signing release packages,Configuring build environment,0.012034372195132946,0.012034372195132946,0.009153146623442819
Starting CI job,Configuring build environment,-0.0017020175796981034,0.0017020175796981034,-0.0017020175796981034
Syncing mirrors,Configuring build environment,-0.0014736204874871168,0.0014736204874871168,-0.0014736204874871168
Syncing with GitHub,Configuring build environment,-0.03200566067509692,0.03200566067509692,-0.025087781955697535
"TRACE socket recv timeout, backing off 200ms",Configuring build environment,0.0035682777211570277,0.0035682777211570277,0.0035682777211570277
Tagging Docker image,Configuring build environment,0.0018214246845643096,0.0018214246845643096,0.0018214246845643096
Tracking build metrics,Configuring build environment,0.0020997565506150986,0.0020997565506150986,0.001278315667933053
Triggering downstream jobs,Configuring build environment,-0.0005234067828665007,0.0005234067828665007,-0.0005234067828665007
Triggering webhook,Configuring build environment,-9.324122373790869e-05,9.324122373790869e-05,-9.324122373790869e-05
Uploading crash reports,Configuring build environment,0.0012709489839168324,0.0012709489839168324,0.00106090081666351
Uploading logs to S3,Configuring build environment,0.0030866652782556114,0.0030866652782556114,0.0002338441493508845
Uploading sourcemaps,Configuring build environment,-0.000500777174265217,0.000500777174265217,-0.000500777174265217
Validating Kubernetes manifests,Configuring build environment,0.0032934869028574025,0.0032934869028574025,0.0006216485704602286
Validating deployment,Configuring build environment,-0.0008233035981818555,0.0008233035981818555,-0.0008233035981818555
Verifying checksums,Configuring build environment,0.0003601871579003003,0.0003601871579003003,0.0003601871579003003
Verifying dependency integrity,Configuring build environment,-0.0008266615636202709,0.0008266615636202709,-0.0008266615636202709
Verifying digital signatures,Configuring build environment,0.001677889359447596,0.001677889359447596,0.001677889359447596
Verifying git tag signature,Configuring build environment,0.0014912859359565982,0.0014912859359565982,0.0014912859359565982
Verifying service health checks,Configuring build environment,0.0029668730840579026,0.0029668730840579026,0.00018298366746132477
WARN retrying connection to mirror (attempt 3/5),Configuring build environment,-0.0010176929284571182,0.0010176929284571182,-3.2082410100127694e-05
^[[0;31mANSI color spill^[[0m,Configuring build environment,0.000602895844315988,0.000602895844315988,0.000602895844315988
dmesg: CPU soft lockup detected on core 3,Configuring build environment,-0.0003886081043890076,0.0003886081043890076,-0.0003886081043890076
gc: collecting generation 2 ... done,Configuring build environment,0.0017735443377513561,0.0017735443377513561,0.0017735443377513561
java.lang.NullPointerException at com.example.Main:142,Configuring build environment,-0.0021325326073373353,0.0021325326073373353,-0.0004483529356471102
Checking disk space,Converting markdown to HTML,0.0023503842966383004,0.0023503842966383004,0.0023503842966383004
Creating release notes,Converting markdown to HTML,0.0015849423206786364,0.0015849423206786364,0.0015849423206786364
Encrypting artifacts,Converting markdown to HTML,0.0024607088172018776,0.0024607088172018776,0.0024607088172018776
Verifying dependency integrity,Converting markdown to HTML,0.002142618329105135,0.002142618329105135,0.002142618329105135
Analyzing historical trends,Creating version header,0.0025926766956283365,0.0025926766956283365,0.0025926766956283365
Configuring build environment,Creating version header,0.005420838932908226,0.005420838932908226,0.005420838932908226
Creating git tag,Creating version header,0.008431341848439777,0.008431341848439777,0.008431341848439777
Analyzing historical trends,Decrypting configuration files,0.006985859740993856,0.006985859740993856,0.006985859740993856
Compiling TypeScript files,Decrypting configuration files,0.0031690073596853056,0.0031690073596853056,0.0031690073596853056
###### random boundary #####,Dependency chain resolved,0.040391924016165384,0.040391924016165384,0.040391924016165384
Analyzing CPU usage,Dependency chain resolved,-0.010582611415960499,0.010582611415960499,-0.008326743199589879
Analyzing historical trends,Dependency chain resolved,0.02540374199315131,0.02540374199315131,0.004928853613269625
Analyzing static code,Dependency chain resolved,0.004616930195391166,0.004616930195391166,0.004616930195391166
Archiving build artifacts,Dependency chain resolved,-0.026579989950285293,0.026579989950285293,-0.026579989950285293
Checking code style,Dependency chain resolved,0.05665749825827414,0.05665749825827414,0.03562464742135882
Checking database connectivity,Dependency chain resolved,0.04802183348029223,0.04802183348029223,0.04598439059844018
Checking disk space,Dependency chain resolved,0.0055816200037703476,0.0055816200037703476,0.0055816200037703476
Checking out branch,Dependency chain resolved,0.04770178960444636,0.04770178960444636,0.023737299162513475
Cloning repository,Dependency chain resolved,0.002809393688432077,0.002809393688432077,0.002809393688432077
Compiling TypeScript files,Dependency chain resolved,0.004607303967377163,0.004607303967377163,0.0030322317460713295
Compressing log files,Dependency chain resolved,0.0429715206136473,0.0429715206136473,0.0429715206136473
Configuring build environment,Dependency chain resolved,-0.005718674331802988,0.005718674331802988,-0.005505562454768841
Converting markdown to HTML,Dependency chain resolved,0.004809113511193834,0.004809113511193834,0.004809113511193834
Creating git tag,Dependency chain resolved,0.001466927130476807,0.001466927130476807,0.001466927130476807
Creating new pipeline configuration,Dependency chain resolved,-0.0024593816925735598,0.0024593816925735598,-0.0024593816925735598
Creating release notes,Dependency chain resolved,0.0014335757453056972,0.0014335757453056972,0.0014335757453056972
Creating version header,Dependency chain resolved,0.009910333009544789,0.009910333009544789,2.4534417570730264e-05
Deploying Helm charts,Dependency chain resolved,0.04271983162609251,0.04271983162609251,0.04271983162609251
Deploying to production,Dependency chain resolved,0.001254436379855335,0.001254436379855335,0.001254436379855335
Deploying to staging environment,Dependency chain resolved,-0.01055284896721042,0.01055284896721042,-0.0009647729478816287
Deprecated function used,Dependency chain resolved,0.0017658071515320637,0.0017658071515320637,0.0017658071515320637
Encrypting artifacts,Dependency chain resolved,0.008168870499459906,0.008168870499459906,0.008168870499459906
Entering compilation loop,Dependency chain resolved,0.038924739491507446,0.038924739491507446,0.038924739491507446
Finalizing CI job,Dependency chain resolved,0.14117928003862226,0.14117928003862226,0.14117928003862226
Formatting source code,Dependency chain resolved,0.03495960258938518,0.03495960258938518,0.03495960258938518
Generating code coverage report,Dependency chain resolved,-0.001066842002237414,0.001066842002237414,-0.001066842002237414
Generating documentation with Doxygen,Dependency chain resolved,0.004263696504242187,0.004263696504242187,0.004263696504242187
Generating system diagnostics,Dependency chain resolved,-0.0006638005445423808,0.0006638005445423808,-0.0006638005445423808
Linker returned non-zero exit code,Dependency chain resolved,-0.0007197085024156792,0.0007197085024156792,-0.0007197085024156792
Linking CXX executable,Dependency chain resolved,0.0006931241235996627,0.0006931241235996627,0.0006931241235996627
Logging build statistics,Dependency chain resolved,-0.01879803486132194,0.01879803486132194,-0.017468594832763272
Logging health status,Dependency chain resolved,0.005024929797400826,0.005024929797400826,0.005024929797400826
Measuring memory usage,Dependency chain resolved,-0.0025872699164662537,0.0025872699164662537,-0.0025872699164662537
Migrating database schema,Dependency chain resolved,-0.0003676891419153134,0.0003676891419153134,-0.0003676891419153134
Monitoring build agents,Dependency chain resolved,-0.008226589468775372,0.008226589468775372,-0.00362947968201575
Notifying release manager,Dependency chain resolved,-0.0008593240830249535,0.0008593240830249535,-0.0008593240830249535
Optimizing assets,Dependency chain resolved,-0.0004397624462125708,0.0004397624462125708,-0.0004397624462125708
Patching vulnerabilities,Dependency chain resolved,0.0006713009040693287,0.0006713009040693287,0.0006713009040693287
Publishing artifacts to repository,Dependency chain resolved,-0.00010291937762584377,0.00010291937762584377,-0.00010291937762584377
Pulling Docker base image,Dependency chain resolved,0.00048489772615247385,0.00048489772615247385,0.00040968433380868545
Pushing Docker image,Dependency chain resolved,0.0005703969444890046,0.0005703969444890046,0.0005703969444890046
Rebalancing workloads,Dependency chain resolved,0.0007423609575165772,0.0007423609575165772,0.0007423609575165772
Rebasing branch,Dependency chain resolved,-0.0006567302431806862,0.0006567302431806862,-0.0006567302431806862
Rebooting build server,Dependency chain resolved,0.0008978518830748841,0.0008978518830748841,0.0003043910831566934
Rebuilding failed jobs,Dependency chain resolved,-4.5974108806625857e-05,4.5974108806625857e-05,-4.5974108806625857e-05
Reporting test results,Dependency chain resolved,-0.00829760880723181,0.00829760880723181,-0.0037237182556362027
Restarting database service,Dependency chain resolved,0.004220990881912658,0.004220990881912658,0.0031980354626982375
Restoring database,Dependency chain resolved,0.0006772046311967393,0.0006772046311967393,0.0006772046311967393
Reviewing dependencies,Dependency chain resolved,-0.00048452519527455453,0.00048452519527455453,-0.00048452519527455453
Running integration tests,Dependency chain resolved,-0.010078640874276061,0.010078640874276061,-0.010078640874276061
Running linter checks,Dependency chain resolved,-0.005663962239435614,0.005663962239435614,-0.005663962239435614
Running regression tests,Dependency chain resolved,0.003421181325712643,0.003421181325712643,0.003421181325712643
Running security scan,Dependency chain resolved,-0.00022643825338216877,0.00022643825338216877,-0.00022643825338216877
Running unit tests,Dependency chain resolved,0.0010392983723064866,0.0010392983723064866,0.00018968461506612322
Seeding database,Dependency chain resolved,0.0013626483003075227,0.0013626483003075227,0.0013626483003075227
Sending Slack notification,Dependency chain resolved,0.0010700745455731989,0.0010700745455731989,0.0002825164669430439
Sending report via email,Dependency chain resolved,-0.0025379589756519606,0.0025379589756519606,-0.0025379589756519606
Signing release packages,Dependency chain resolved,-0.004735774479648456,0.004735774479648456,-0.004735774479648456
Starting CI job,Dependency chain resolved,-0.0032213964218951196,0.0032213964218951196,-0.0032213964218951196
Syncing mirrors,Dependency chain resolved,0.0012767157937714582,0.0012767157937714582,0.0012767157937714582
Syncing with GitHub,Dependency chain resolved,-0.0033786049511113627,0.0033786049511113627,-0.0033786049511113627
"TRACE socket recv timeout, backing off 200ms",Dependency chain resolved,0.003390416630264755,0.003390416630264755,0.0021962066676934028
Tagging Docker image,Dependency chain resolved,-5.924578990429152e-05,5.924578990429152e-05,-5.924578990429152e-05
Tracking build metrics,Dependency chain resolved,0.0007825020573925996,0.0007825020573925996,0.0007825020573925996
Uploading crash reports,Dependency chain resolved,0.0037235272513808588,0.0037235272513808588,0.00023562235410952664
Uploading logs to S3,Dependency chain resolved,-0.0007038876605086589,0.0007038876605086589,-0.0002731574810610482
Uploading sourcemaps,Dependency chain resolved,-0.0016678005801473526,0.0016678005801473526,-0.0016678005801473526
Validating Kubernetes manifests,Dependency chain resolved,0.001622880450376754,0.001622880450376754,0.001622880450376754
Validating deployment,Dependency chain resolved,-0.0008843767217789079,0.0008843767217789079,-0.0008843767217789079
Verifying checksums,Dependency chain resolved,0.0021485061789384497,0.0021485061789384497,0.0021485061789384497
Verifying dependency integrity,Dependency chain resolved,-0.0004978135148242992,0.0004978135148242992,-0.0004978135148242992
Verifying digital signatures,Dependency chain resolved,0.004189452124462219,0.004189452124462219,0.004189452124462219
Verifying git tag signature,Dependency chain resolved,-0.0006830953821775566,0.0006830953821775566,-0.0006830953821775566
WARN retrying connection to mirror (attempt 3/5),Dependency chain resolved,0.0032780076628037926,0.0032780076628037926,0.002891589459207589
^[[0;31mANSI color spill^[[0m,Dependency chain resolved,-6.622895714521647e-05,6.622895714521647e-05,-6.622895714521647e-05
gc: collecting generation 2 ... done,Dependency chain resolved,-0.001434186494927975,0.001434186494927975,-0.001434186494927975
java.lang.NullPointerException at com.example.Main:142,Dependency chain resolved,-0.006264940848995561,0.006264940848995561,-0.006264940848995561
Deploying to staging environment,Deploying Helm charts,0.0010574588868367076,0.0010574588868367076,0.0010574588868367076
###### random boundary #####,Deploying to production,0.005402475098974154,0.005402475098974154,0.0028386613018281416
Analyzing CPU usage,Deploying to production,-0.021390857417083933,0.021390857417083933,-0.014139148901636618
Analyzing historical trends,Deploying to production,0.036890523855802916,0.036890523855802916,0.007742364954537273
Analyzing static code,Deploying to production,0.014213756688098874,0.014213756688098874,0.014213756688098874
Archiving build artifacts,Deploying to production,-0.042943674259453744,0.042943674259453744,-0.03669050260574815
Backing up database,Deploying to production,0.006680074513903789,0.006680074513903789,0.006680074513903789
Building CXX object,Deploying to production,0.008158481246608626,0.008158481246608626,0.008158481246608626
Building Java classes,Deploying to production,0.001485618403937642,0.001485618403937642,0.001485618403937642
Checking available memory,Deploying to production,0.003199826587766491,0.003199826587766491,0.003199826587766491
Checking code style,Deploying to production,0.7199848862026111,0.7199848862026111,0.6949551780097402
Checking database connectivity,Deploying to production,-0.0007622373417540899,0.0007622373417540899,-0.0007622373417540899
Checking disk space,Deploying to production,0.009481173972484026,0.009481173972484026,0.009481173972484026
Checking out branch,Deploying to production,-0.0242020531558928,0.0242020531558928,-0.01160671068346108
Cleaning Docker cache,Deploying to production,0.005402955113823473,0.005402955113823473,0.005402955113823473
Cloning repository,Deploying to production,0.012752240217910634,0.012752240217910634,0.012752240217910634
Compiling TypeScript files,Deploying to production,0.022537680448929752,0.022537680448929752,0.004082615755957525
Compressing log files,Deploying to production,0.0016047028059167268,0.0016047028059167268,0.0016047028059167268
Configuring build environment,Deploying to production,-0.012927319708942156,0.012927319708942156,-0.008611927717718315
Converting markdown to HTML,Deploying to production,0.010775232147527302,0.010775232147527302,0.010775232147527302
Creating Jira ticket,Deploying to production,0.0040275629551791425,0.0040275629551791425,0.0040275629551791425
Creating git tag,Deploying to production,0.012056572309418801,0.012056572309418801,0.012056572309418801
Creating new pipeline configuration,Deploying to production,-0.020847447367385377,0.020847447367385377,-0.019234602994666963
Creating release notes,Deploying to production,0.004970661560534667,0.004970661560534667,0.004563474823570847
Creating version header,Deploying to production,0.017439244543779764,0.017439244543779764,0.005167568848371847
Decrypting configuration files,Deploying to production,0.0020869769428428666,0.0020869769428428666,0.0020869769428428666
Dependency chain resolved,Deploying to production,-0.015122155282208463,0.015122155282208463,-0.010954013318789247
Deploying Helm charts,Deploying to production,0.0014875578704468342,0.0014875578704468342,0.0014875578704468342
Deploying to staging environment,Deploying to production,-0.02148320515738221,0.02148320515738221,-0.002133978048230149
Deprecated function used,Deploying to production,0.0039069446903422424,0.0039069446903422424,0.0039069446903422424
Encrypting artifacts,Deploying to production,0.006445823898576337,0.006445823898576337,0.006445823898576337
Entering compilation loop,Deploying to production,0.0006691776100164145,0.0006691776100164145,0.0006691776100164145
Finalizing CI job,Deploying to production,-0.0005804099938305695,0.0005804099938305695,-0.0005804099938305695
Formatting source code,Deploying to production,-0.0008633357832848913,0.0008633357832848913,-0.0008633357832848913
Generating documentation with Doxygen,Deploying to production,0.021552215638937666,0.021552215638937666,0.019025122455977157
Generating system diagnostics,Deploying to production,0.002192580243489979,0.002192580243489979,0.002192580243489979
Installing dependencies,Deploying to production,-0.0007340386742188663,0.0007340386742188663,-0.0007340386742188663
Linker returned non-zero exit code,Deploying to production,-0.005183356116132427,0.005183356116132427,-0.005058515087657221
Linking CXX executable,Deploying to production,0.006326174498371003,0.006326174498371003,0.006326174498371003
Logging health status,Deploying to production,0.034860291216879655,0.034860291216879655,0.034860291216879655
Measuring memory usage,Deploying to production,-0.00015467611552974714,0.00015467611552974714,-0.00015467611552974714
Monitoring build agents,Deploying to production,0.010779446433442768,0.010779446433442768,0.010779446433442768
Out of memory during linking stage,Deploying to production,-0.002140522250263056,0.002140522250263056,-0.002140522250263056
Patching vulnerabilities,Deploying to production,0.006441493580676177,0.006441493580676177,0.004218420574316437
Publishing site,Deploying to production,-0.0008823826716112831,0.0008823826716112831,-0.0008823826716112831
Pulling Docker base image,Deploying to production,0.00029650863402211835,0.00029650863402211835,0.00029650863402211835
Pushing Docker image,Deploying to production,-0.0006457440798104616,0.0006457440798104616,-0.0006457440798104616
Rebasing branch,Deploying to production,-0.0019041573088482706,0.0019041573088482706,-0.0019041573088482706
Reporting test results,Deploying to production,0.0003935447396515079,0.0003935447396515079,0.0003935447396515079
Restarting database service,Deploying to production,0.0030426570085053646,0.0030426570085053646,0.0030426570085053646
Restoring database,Deploying to production,-0.00232715568665505,0.00232715568665505,-0.00232715568665505
Running integration tests,Deploying to production,0.00028756804880534516,0.00028756804880534516,0.00028756804880534516
Running linter checks,Deploying to production,0.0007084118910060257,0.0007084118910060257,0.0007084118910060257
Running performance tests,Deploying to production,0.0007670719801091863,0.0007670719801091863,0.0007670719801091863
Running regression tests,Deploying to production,-0.00015480404081818063,0.00015480404081818063,-0.00015480404081818063
Running security scan,Deploying to production,0.0006511540633299531,0.0006511540633299531,0.0006511540633299531
Scanning for secrets in code,Deploying to production,0.0014596780766520452,0.0014596780766520452,0.0007547767177032968
Seeding database,Deploying to production,0.0037295046345902794,0.0037295046345902794,0.0037295046345902794
Signing release packages,Deploying to production,-0.012955958299553273,0.012955958299553273,-0.012955958299553273
Starting CI job,Deploying to production,-6.272471615002187e-05,6.272471615002187e-05,-6.272471615002187e-05
Syncing mirrors,Deploying to production,-0.0009683187284066835,0.0009683187284066835,-0.0009683187284066835
Syncing with GitHub,Deploying to production,0.0006136615822430824,0.0006136615822430824,0.0006136615822430824
"TRACE socket recv timeout, backing off 200ms",Deploying to production,0.00300290705269425,0.00300290705269425,0.00300290705269425
Tagging Docker image,Deploying to production,0.0025746367827105855,0.0025746367827105855,0.0025746367827105855
Tracking build metrics,Deploying to production,-0.00022298477071742696,0.00022298477071742696,-0.00022298477071742696
Triggering downstream jobs,Deploying to production,0.0035126647119316312,0.0035126647119316312,0.0035126647119316312
Triggering webhook,Deploying to production,0.0012846500528946097,0.0012846500528946097,0.0012846500528946097
Uploading crash reports,Deploying to production,-9.329750915590506e-05,9.329750915590506e-05,-9.329750915590506e-05
Uploading logs to S3,Deploying to production,-0.00012060769226596686,0.00012060769226596686,-0.00012060769226596686
Uploading sourcemaps,Deploying to production,-0.0002803376993709017,0.0002803376993709017,-0.0002803376993709017
Validating Kubernetes manifests,Deploying to production,-0.00015478841004126407,0.00015478841004126407,-0.00015478841004126407
Verifying digital signatures,Deploying to production,0.001176140318706585,0.001176140318706585,7.535198109470133e-05
Verifying git tag signature,Deploying to production,0.0013836417402576886,0.0013836417402576886,3.405753704878824e-05
WARN retrying connection to mirror (attempt 3/5),Deploying to production,-0.0015438736487412218,0.0015438736487412218,-0.0015438736487412218
^[[0;31mANSI color spill^[[0m,Deploying to production,-0.0003308670890011442,0.0003308670890011442,-0.0003308670890011442
dmesg: CPU soft lockup detected on core 3,Deploying to production,-0.00014167449133318402,0.00014167449133318402,-0.00014167449133318402
gc: collecting generation 2 ... done,Deploying to production,0.0009100987138783438,0.0009100987138783438,0.0009100987138783438
java.lang.NullPointerException at com.example.Main:142,Deploying to production,0.004838367165158955,0.004838367165158955,0.004838367165158955
###### random boundary #####,Deploying to staging environment,0.003702614058823819,0.003702614058823819,0.003702614058823819
Analyzing CPU usage,Deploying to staging environment,-0.030257688960877157,0.030257688960877157,-0.025792778989096692
Analyzing historical trends,Deploying to staging environment,0.05331631035331568,0.05331631035331568,0.01684515163317863
Analyzing static code,Deploying to staging environment,0.020071996339634374,0.020071996339634374,0.020071996339634374
Archiving build artifacts,Deploying to staging environment,-0.06335801671645336,0.06335801671645336,-0.053606620517941996
Backing up database,Deploying to staging environment,0.0023444563337279654,0.0023444563337279654,0.0023444563337279654
Building CXX object,Deploying to staging environment,0.0034572176836648078,0.0034572176836648078,0.0034572176836648078
Building Java classes,Deploying to staging environment,0.012991809714695705,0.012991809714695705,0.012991809714695705
Checking available memory,Deploying to staging environment,0.0048925809869960245,0.0048925809869960245,0.0048925809869960245
Checking code style,Deploying to staging environment,-0.03814065302154409,0.03814065302154409,-0.03814065302154409
Checking database connectivity,Deploying to staging environment,0.0032362048193497477,0.0032362048193497477,0.0007067441225242484
Checking disk space,Deploying to staging environment,0.02775596869863284,0.02775596869863284,0.02775596869863284
Checking out branch,Deploying to staging environment,-0.02841221631581392,0.02841221631581392,-0.02841221631581392
Cleaning Docker cache,Deploying to staging environment,0.0042777015178978636,0.0042777015178978636,0.0042777015178978636
Cloning repository,Deploying to staging environment,0.005363215556669092,0.005363215556669092,0.005363215556669092
Compiling TypeScript files,Deploying to staging environment,0.03444874443098995,0.03444874443098995,0.004196663254293808
Compressing log files,Deploying to staging environment,1.0766748163065124e-05,1.0766748163065124e-05,1.0766748163065124e-05
Configuring build environment,Deploying to staging environment,-0.026932892081799168,0.026932892081799168,-0.010079069426449979
Converting markdown to HTML,Deploying to staging environment,0.005840011768364393,0.005840011768364393,0.005840011768364393
Creating Jira ticket,Deploying to staging environment,0.002776022648861606,0.002776022648861606,0.002776022648861606
Creating git tag,Deploying to staging environment,0.013432623459122441,0.013432623459122441,0.013432623459122441
Creating new pipeline configuration,Deploying to staging environment,-0.04034442014176153,0.04034442014176153,-0.03149070113556282
Creating version header,Deploying to staging environment,0.030498929628166423,0.030498929628166423,0.007746892935236444
Decrypting configuration files,Deploying to staging environment,0.0012129469685773482,0.0012129469685773482,0.0012129469685773482
Dependency chain resolved,Deploying to staging environment,-0.030440456430810572,0.030440456430810572,-0.00864287191628363
Deploying Helm charts,Deploying to staging environment,0.008377937516378687,0.008377937516378687,0.008377937516378687
Deploying to production,Deploying to staging environment,0.000978293818420894,0.000978293818420894,0.000978293818420894
Deprecated function used,Deploying to staging environment,0.005344476096024067,0.005344476096024067,0.005344476096024067
Encrypting artifacts,Deploying to staging environment,0.02431059208479842,0.02431059208479842,0.02431059208479842
Entering compilation loop,Deploying to staging environment,0.007252863239876601,0.007252863239876601,0.007252863239876601
Finalizing CI job,Deploying to staging environment,0.005213890402051645,0.005213890402051645,0.005213890402051645
Formatting source code,Deploying to staging environment,0.00014811033628253314,0.00014811033628253314,0.00014811033628253314
Generating code coverage report,Deploying to staging environment,-0.0002744192142522867,0.0002744192142522867,-0.0002744192142522867
Generating documentation with Doxygen,Deploying to staging environment,0.0420088664257739,0.0420088664257739,0.03809572539097108
Installing dependencies,Deploying to staging environment,-0.0002703627410465176,0.0002703627410465176,-0.0002703627410465176
Linker returned non-zero exit code,Deploying to staging environment,-0.011826305474001927,0.011826305474001927,-0.011826305474001927
Linking CXX executable,Deploying to staging environment,0.014943731449099214,0.014943731449099214,0.014943731449099214
Linking shared libraries,Deploying to staging environment,-0.0006671047936052364,0.0006671047936052364,-0.0006671047936052364
Logging build statistics,Deploying to staging environment,0.0011004085238074958,0.0011004085238074958,0.0011004085238074958
Logging health status,Deploying to staging environment,0.048714842886932196,0.048714842886932196,0.048714842886932196
Measuring memory usage,Deploying to staging environment,0.003010082049093682,0.003010082049093682,0.0028131942364562536
Migrating database schema,Deploying to staging environment,-0.004782087694411735,0.004782087694411735,-0.004782087694411735
Monitoring build agents,Deploying to staging environment,0.013073977565576612,0.013073977565576612,0.013073977565576612
Optimizing assets,Deploying to staging environment,-0.00209972182966743,0.00209972182966743,-0.00205839212785194
Out of memory during linking stage,Deploying to staging environment,0.0012934819560040606,0.0012934819560040606,0.0011443448094777182
Pushing Docker image,Deploying to staging environment,-0.00035082520545259377,0.00035082520545259377,-0.00035082520545259377
Pushing changes to remote,Deploying to staging environment,-0.0002021062861398364,0.0002021062861398364,-0.0002021062861398364
Rebalancing workloads,Deploying to staging environment,-0.0011824691088546213,0.0011824691088546213,-0.0011824691088546213
Rebooting build server,Deploying to staging environment,0.0018242753496139576,0.0018242753496139576,0.0018242753496139576
Reporting test results,Deploying to staging environment,-0.00033897818076299537,0.00033897818076299537,-0.00033897818076299537
Restarting database service,Deploying to staging environment,0.007025741072596962,0.007025741072596962,0.007025741072596962
Restarting failed containers,Deploying to staging environment,4.1032954253584e-05,4.1032954253584e-05,4.1032954253584e-05
Reviewing dependencies,Deploying to staging environment,-9.935260631975531e-05,9.935260631975531e-05,-9.935260631975531e-05
Running linter checks,Deploying to staging environment,0.00904456596820098,0.00904456596820098,0.00904456596820098
Running performance tests,Deploying to staging environment,0.00403429171179215,0.00403429171179215,0.00403429171179215
Running security scan,Deploying to staging environment,-0.00020705696091946762,0.00020705696091946762,-0.00020705696091946762
Scanning for secrets in code,Deploying to staging environment,-0.00306142866392378,0.00306142866392378,-0.00306142866392378
Seeding database,Deploying to staging environment,0.0024780055980074996,0.0024780055980074996,5.537974882107821e-05
Sending Slack notification,Deploying to staging environment,0.0009618669728777015,0.0009618669728777015,0.0009618669728777015
Sending report via email,Deploying to staging environment,0.0015618432974118116,0.0015618432974118116,0.0001740659527778596
Signing release packages,Deploying to staging environment,-0.00959269775641583,0.00959269775641583,-0.00959269775641583
Starting CI job,Deploying to staging environment,0.002753616280187354,0.002753616280187354,0.002753616280187354
Syncing mirrors,Deploying to staging environment,0.005042111460690486,0.005042111460690486,0.005042111460690486
Syncing with GitHub,Deploying to staging environment,0.0013605490774448537,0.0013605490774448537,0.0013345432307135371
"TRACE socket recv timeout, backing off 200ms",Deploying to staging environment,0.002801126572052625,0.002801126572052625,0.0021991572297203167
Tracking build metrics,Deploying to staging environment,-0.0019334561232888018,0.0019334561232888018,-0.0019334561232888018
Triggering downstream jobs,Deploying to staging environment,-0.0020499943842169147,0.0020499943842169147,-0.0020499943842169147
Triggering webhook,Deploying to staging environment,-0.001972184623635605,0.001972184623635605,-0.001972184623635605
Uploading crash reports,Deploying to staging environment,-0.0007280684325637503,0.0007280684325637503,-0.0007280684325637503
Uploading sourcemaps,Deploying to staging environment,-0.004055355405166523,0.004055355405166523,-0.004055355405166523
Validating Kubernetes manifests,Deploying to staging environment,-0.002320992952474036,0.002320992952474036,-0.0004897508225053121
Validating deployment,Deploying to staging environment,0.0015690725323968765,0.0015690725323968765,0.0015690725323968765
Verifying checksums,Deploying to staging environment,0.0016877030408933688,0.0016877030408933688,0.0016877030408933688
Verifying dependency integrity,Deploying to staging environment,-0.0022266279738979065,0.0022266279738979065,-6.027787160136407e-05
Verifying digital signatures,Deploying to staging environment,0.0009039623179681302,0.0009039623179681302,0.0009039623179681302
Verifying service health checks,Deploying to staging environment,-0.0011777912363035263,0.0011777912363035263,-0.0011777912363035263
^[[0;31mANSI color spill^[[0m,Deploying to staging environment,0.001419926186968475,0.001419926186968475,0.001419926186968475
dmesg: CPU soft lockup detected on core 3,Deploying to staging environment,0.001956555792940182,0.001956555792940182,0.001956555792940182
gc: collecting generation 2 ... done,Deploying to staging environment,-0.0006054427286413049,0.0006054427286413049,-0.0006054427286413049
java.lang.NullPointerException at com.example.Main:142,Deploying to staging environment,0.0011031960769100223,0.0011031960769100223,0.0011031960769100223
###### random boundary #####,Deprecated function used,0.04240866094406842,0.04240866094406842,0.04240866094406842
Analyzing CPU usage,Deprecated function used,-0.01010025842805377,0.01010025842805377,-0.008693437387913165
Analyzing historical trends,Deprecated function used,0.017487648771953745,0.017487648771953745,0.0017663084332729148
Archiving build artifacts,Deprecated function used,-0.01989258328077423,0.01989258328077423,-0.01989258328077423
Backing up database,Deprecated function used,0.00300203460152679,0.00300203460152679,0.00300203460152679
Building Java classes,Deprecated function used,0.0033042686998145145,0.0033042686998145145,0.0033042686998145145
Checking available memory,Deprecated function used,0.053593756388565096,0.053593756388565096,0.053593756388565096
Checking code style,Deprecated function used,-0.009574316263584135,0.009574316263584135,-0.009574316263584135
Checking database connectivity,Deprecated function used,0.043218784485526254,0.043218784485526254,0.043218784485526254
Checking out branch,Deprecated function used,0.05009913617420377,0.05009913617420377,0.03180337980890182
Cloning repository,Deprecated function used,0.0039713980779242045,0.0039713980779242045,0.0039713980779242045
Compiling TypeScript files,Deprecated function used,-0.0018957410252878038,0.0018957410252878038,-0.0003299753128785302
Compressing log files,Deprecated function used,0.04346677870492825,0.04346677870492825,0.04346677870492825
Configuring build environment,Deprecated function used,-0.005441851212175967,0.005441851212175967,-0.003256806110383932
Converting markdown to HTML,Deprecated function used,0.002966699348975411,0.002966699348975411,0.002966699348975411
Creating Jira ticket,Deprecated function used,0.0014292613649208535,0.0014292613649208535,0.0014292613649208535
Creating git tag,Deprecated function used,0.0008744006128376777,0.0008744006128376777,0.0008744006128376777
Creating new pipeline configuration,Deprecated function used,0.006832045450832546,0.006832045450832546,0.00675164738973624
Creating release notes,Deprecated function used,0.0007578372332439471,0.0007578372332439471,0.0007578372332439471
Creating version header,Deprecated function used,0.00823083626497235,0.00823083626497235,0.00358854016988675
Decrypting configuration files,Deprecated function used,0.0028159116533425944,0.0028159116533425944,0.002658868864317758
Dependency chain resolved,Deprecated function used,-0.006430406765721255,0.006430406765721255,-0.005056901666131314
Deploying Helm charts,Deprecated function used,0.05044630915211725,0.05044630915211725,0.05044630915211725
Deploying to production,Deprecated function used,0.0008206881597733555,0.0008206881597733555,0.0008206881597733555
Deploying to staging environment,Deprecated function used,-0.009026709761832917,0.009026709761832917,-0.0025312740957964654
Encrypting artifacts,Deprecated function used,0.0016528367437684322,0.0016528367437684322,0.0016528367437684322
Entering compilation loop,Deprecated function used,0.05036492271870451,0.05036492271870451,0.05036492271870451
Finalizing CI job,Deprecated function used,0.13170688864167912,0.13170688864167912,0.13170688864167912
Formatting source code,Deprecated function used,0.045267390262475046,0.045267390262475046,0.04250805989116936
Generating documentation with Doxygen,Deprecated function used,0.0007628431423271717,0.0007628431423271717,0.0007628431423271717
Linker returned non-zero exit code,Deprecated function used,-0.006010035468833232,0.006010035468833232,-0.006010035468833232
Linking CXX executable,Deprecated function used,3.0021945089370583e-05,3.0021945089370583e-05,3.0021945089370583e-05
Logging build statistics,Deprecated function used,-0.004784981523327883,0.004784981523327883,-0.0040697827363613895
Logging health status,Deprecated function used,0.005020629769042957,0.005020629769042957,0.005020629769042957
Measuring memory usage,Deprecated function used,-0.017257003876928263,0.017257003876928263,-0.017257003876928263
Monitoring build agents,Deprecated function used,0.00219017745868428,0.00219017745868428,0.00219017745868428
Optimizing assets,Deprecated function used,0.0006962036569985588,0.0006962036569985588,0.0006962036569985588
Out of memory during linking stage,Deprecated function used,-0.0028894774900606393,0.0028894774900606393,-0.0028295193731577408
Patching vulnerabilities,Deprecated function used,0.0026331959434061835,0.0026331959434061835,0.001908913343524699
Pushing Docker image,Deprecated function used,0.004918450942332389,0.004918450942332389,0.004918450942332389
Rebasing branch,Deprecated function used,0.0004456157927577604,0.0004456157927577604,0.0004456157927577604
Rebuilding failed jobs,Deprecated function used,-0.001268907269113834,0.001268907269113834,-0.001268907269113834
Reporting test results,Deprecated function used,-0.0022169515820743397,0.0022169515820743397,-0.0022169515820743397
Restarting database service,Deprecated function used,0.003145167846052899,0.003145167846052899,0.0025326809623282044
Running integration tests,Deprecated function used,-0.0050952923674556175,0.0050952923674556175,-0.0050952923674556175
Running linter checks,Deprecated function used,-0.011359446825762377,0.011359446825762377,-0.011359446825762377
Running smoke tests,Deprecated function used,0.00028610547406590755,0.00028610547406590755,0.00028610547406590755
Sending Slack notification,Deprecated function used,0.002634957026564963,0.002634957026564963,0.002024057655040371
Sending report via email,Deprecated function used,-0.0021358534362176614,0.0021358534362176614,-0.0021358534362176614
Signing release packages,Deprecated function used,-0.004442015548313868,0.004442015548313868,-0.004442015548313868
Starting CI job,Deprecated function used,-0.0009496502046745013,0.0009496502046745013,-0.0009496502046745013
Syncing mirrors,Deprecated function used,0.000656324433661234,0.000656324433661234,0.000656324433661234
Syncing with GitHub,Deprecated function used,0.0032452069312134926,0.0032452069312134926,0.003118047851766857
"TRACE socket recv timeout, backing off 200ms",Deprecated function used,-0.00011500594191962875,0.00011500594191962875,-0.00011500594191962875
Tagging Docker image,Deprecated function used,0.0027085079866695297,0.0027085079866695297,0.0027085079866695297
Tracking build metrics,Deprecated function used,-0.00043414172620882997,0.00043414172620882997,-0.0003541016030733216
Triggering downstream jobs,Deprecated function used,-0.0012803574566481676,0.0012803574566481676,-0.0012803574566481676
Triggering webhook,Deprecated function used,0.0005522853771787419,0.0005522853771787419,0.0005522853771787419
Uploading crash reports,Deprecated function used,-0.0014951242400566304,0.0014951242400566304,-0.0014951242400566304
Uploading sourcemaps,Deprecated function used,0.0001867267667409455,0.0001867267667409455,0.0001867267667409455
Validating deployment,Deprecated function used,0.006078313844295323,0.006078313844295323,0.006078313844295323
Verifying checksums,Deprecated function used,0.0003869304424823079,0.0003869304424823079,0.0003869304424823079
Verifying dependency integrity,Deprecated function used,-0.0012327874796786396,0.0012327874796786396,-0.0012327874796786396
WARN retrying connection to mirror (attempt 3/5),Deprecated function used,0.0023169081909113296,0.0023169081909113296,0.0023169081909113296
^[[0;31mANSI color spill^[[0m,Deprecated function used,-0.0019408748746462244,0.0019408748746462244,-0.0019408748746462244
dmesg: CPU soft lockup detected on core 3,Deprecated function used,-0.00041268573145525583,0.00041268573145525583,-0.00041268573145525583
gc: collecting generation 2 ... done,Deprecated function used,-0.005672994909096389,0.005672994909096389,-0.005672994909096389
java.lang.NullPointerException at com.example.Main:142,Deprecated function used,-0.017069452609508193,0.017069452609508193,-0.017069452609508193
###### random boundary #####,Entering compilation loop,0.04353714024461181,0.04353714024461181,0.04353714024461181
Analyzing CPU usage,Entering compilation loop,-0.009047483502237112,0.009047483502237112,-0.009047483502237112
Analyzing historical trends,Entering compilation loop,0.019743773925248793,0.019743773925248793,0.004712032763138167
Analyzing static code,Entering compilation loop,0.002355849564307296,0.002355849564307296,0.002355849564307296
Archiving build artifacts,Entering compilation loop,-0.018996430000382182,0.018996430000382182,-0.015518098919238995
Checking available memory,Entering compilation loop,0.049614671968817074,0.049614671968817074,0.049614671968817074
Checking code style,Entering compilation loop,0.045702009443405335,0.045702009443405335,0.024913534479446796
Checking disk space,Entering compilation loop,0.00751078551507647,0.00751078551507647,0.00751078551507647
Checking out branch,Entering compilation loop,0.06322185784496193,0.06322185784496193,0.0450095372937857
Cleaning Docker cache,Entering compilation loop,0.003616534491270371,0.003616534491270371,0.003616534491270371
Cloning repository,Entering compilation loop,0.0017081362803306438,0.0017081362803306438,0.0017081362803306438
Compiling TypeScript files,Entering compilation loop,0.0031405963153128148,0.0031405963153128148,0.00018913106464208242
Compressing log files,Entering compilation loop,0.03733943953170315,0.03733943953170315,0.03733943953170315
Configuring build environment,Entering compilation loop,-0.006423703086919001,0.006423703086919001,-0.003515394344676532
Converting markdown to HTML,Entering compilation loop,0.0016058959685925848,0.0016058959685925848,0.0016058959685925848
Creating Jira ticket,Entering compilation loop,0.0017230233142398839,0.0017230233142398839,0.0017230233142398839
Creating git tag,Entering compilation loop,0.004088485185574043,0.004088485185574043,0.004088485185574043
Creating new pipeline configuration,Entering compilation loop,-0.003612491779851606,0.003612491779851606,-0.003612491779851606
Creating release notes,Entering compilation loop,0.005048822127132911,0.005048822127132911,0.005048822127132911
Creating version header,Entering compilation loop,0.014531611626990777,0.014531611626990777,0.007051713164781896
Dependency chain resolved,Entering compilation loop,-0.006136509928977103,0.006136509928977103,-0.006136509928977103
Deploying Helm charts,Entering compilation loop,0.0373454583045663,0.0373454583045663,0.0373454583045663
Deploying to production,Entering compilation loop,0.0030279731304459316,0.0030279731304459316,0.0030279731304459316
Deploying to staging environment,Entering compilation loop,-0.006462729162743861,0.006462729162743861,-0.0040355952233998215
Deprecated function used,Entering compilation loop,0.0019439209155701828,0.0019439209155701828,0.0019439209155701828
Encrypting artifacts,Entering compilation loop,0.002273709525069351,0.002273709525069351,0.002273709525069351
Finalizing CI job,Entering compilation loop,0.14282233519033916,0.14282233519033916,0.14282233519033916
Formatting source code,Entering compilation loop,0.042242260528569275,0.042242260528569275,0.04181825067848782
Generating code coverage report,Entering compilation loop,0.0024670518547588146,0.0024670518547588146,0.0024670518547588146
Generating documentation with Doxygen,Entering compilation loop,0.0009233668792544928,0.0009233668792544928,0.0009233668792544928
Generating system diagnostics,Entering compilation loop,0.00024894201246547477,0.00024894201246547477,0.00024894201246547477
Linker returned non-zero exit code,Entering compilation loop,-0.0072490360046223515,0.0072490360046223515,-0.0072490360046223515
Linking CXX executable,Entering compilation loop,0.007111294011603138,0.007111294011603138,0.007111294011603138
Linking shared libraries,Entering compilation loop,-0.00022907994844433555,0.00022907994844433555,-0.00013274840346718777
Logging build statistics,Entering compilation loop,-0.00033329397500018386,0.00033329397500018386,-0.00033329397500018386
Logging health status,Entering compilation loop,0.007523249279493577,0.007523249279493577,0.007523249279493577
Measuring memory usage,Entering compilation loop,-0.026429767207129733,0.026429767207129733,-0.021310248926598566
Monitoring build agents,Entering compilation loop,0.00825603646235537,0.00825603646235537,0.0022633673631280078
Out of memory during linking stage,Entering compilation loop,-0.000604746911410674,0.000604746911410674,-0.000604746911410674
Patching vulnerabilities,Entering compilation loop,-0.0015898764554855864,0.0015898764554855864,-0.0009400680247538027
Pulling Docker base image,Entering compilation loop,-0.002132304199297631,0.002132304199297631,-0.002132304199297631
Pushing changes to remote,Entering compilation loop,0.0016736097524914224,0.0016736097524914224,0.0016736097524914224
Rebalancing workloads,Entering compilation loop,-0.00036394287780091704,0.00036394287780091704,-0.00036394287780091704
Rebuilding failed jobs,Entering compilation loop,0.0004513255219489649,0.0004513255219489649,0.0002798843266086199
Restarting database service,Entering compilation loop,0.0021455887218660374,0.0021455887218660374,0.0012126775258172015
Restarting failed containers,Entering compilation loop,0.0009822791893298812,0.0009822791893298812,0.0009822791893298812
Reviewing dependencies,Entering compilation loop,-0.000631236770039389,0.000631236770039389,-0.000631236770039389
Running integration tests,Entering compilation loop,-0.001595681045788507,0.001595681045788507,-0.0009265027375892814
Running linter checks,Entering compilation loop,-0.003823745605787877,0.003823745605787877,-0.003823745605787877
Running performance tests,Entering compilation loop,0.0008554531348137005,0.0008554531348137005,0.0007741094065705219
Running regression tests,Entering compilation loop,0.0017465032818512532,0.0017465032818512532,0.0017465032818512532
Scanning for secrets in code,Entering compilation loop,-0.0006230732361058525,0.0006230732361058525,-0.0006230732361058525
Seeding database,Entering compilation loop,-0.0002469253278051082,0.0002469253278051082,-0.0002469253278051082
Sending report via email,Entering compilation loop,-0.0047337150718982195,0.0047337150718982195,-0.0047337150718982195
Starting CI job,Entering compilation loop,-0.005201685658565193,0.005201685658565193,-0.005201685658565193
Syncing with GitHub,Entering compilation loop,-0.0032252473020950544,0.0032252473020950544,-0.0014873828576462981
"TRACE socket recv timeout, backing off 200ms",Entering compilation loop,0.003160526110007931,0.003160526110007931,0.0023556869906087
Tagging Docker image,Entering compilation loop,0.006180744878291327,0.006180744878291327,0.006180744878291327
Tracking build metrics,Entering compilation loop,-0.000797652195903608,0.000797652195903608,-0.0002534642211077492
Triggering downstream jobs,Entering compilation loop,0.00020754083721485225,0.00020754083721485225,0.00020754083721485225
Triggering webhook,Entering compilation loop,0.0011305539142376468,0.0011305539142376468,0.0011305539142376468
Uploading crash reports,Entering compilation loop,-0.0007815612338728322,0.0007815612338728322,-0.00024952313755395903
Uploading logs to S3,Entering compilation loop,-0.0016235605294653767,0.0016235605294653767,-0.0016235605294653767
Validating Kubernetes manifests,Entering compilation loop,-0.0008156693117915612,0.0008156693117915612,-0.0008156693117915612
Verifying checksums,Entering compilation loop,0.0034005838500396623,0.0034005838500396623,0.0034005838500396623
Verifying dependency integrity,Entering compilation loop,0.003485109135694783,0.003485109135694783,0.003485109135694783
Verifying digital signatures,Entering compilation loop,-0.00013623937023278404,0.00013623937023278404,-0.00013623937023278404
Verifying git tag signature,Entering compilation loop,-0.001876876105533463,0.001876876105533463,-0.001876876105533463
^[[0;31mANSI color spill^[[0m,Entering compilation loop,-0.003090272069410274,0.003090272069410274,-0.003090272069410274
dmesg: CPU soft lockup detected on core 3,Entering compilation loop,0.0002826985676499872,0.0002826985676499872,0.0002826985676499872
gc: collecting generation 2 ... done,Entering compilation loop,-0.003773719364058746,0.003773719364058746,-0.003773719364058746
java.lang.NullPointerException at com.example.Main:142,Entering compilation loop,-0.006525835454732742,0.006525835454732742,-0.006525835454732742
Analyzing historical trends,Finalizing CI job,0.001160502276993764,0.001160502276993764,0.001160502276993764
Dependency chain resolved,Finalizing CI job,0.9623293606540667,0.9623293606540667,0.9623293606540667
Encrypting artifacts,Finalizing CI job,0.0008089017650264272,0.0008089017650264272,0.0008089017650264272
Linking CXX executable,Finalizing CI job,-0.0006769604154984813,0.0006769604154984813,-0.0006769604154984813
Migrating database schema,Finalizing CI job,-0.000774320435080899,0.000774320435080899,-0.000774320435080899
Restarting database service,Finalizing CI job,0.0009807489259623695,0.0009807489259623695,0.0009807489259623695
Reviewing dependencies,Finalizing CI job,1.5630891539319578e-05,1.5630891539319578e-05,1.5630891539319578e-05
Compiling TypeScript files,Formatting source code,0.0025104265573592617,0.0025104265573592617,0.0025104265573592617
Creating Jira ticket,Formatting source code,0.010020101392258101,0.010020101392258101,0.010020101392258101
Creating new pipeline configuration,Formatting source code,0.003347377306031572,0.003347377306031572,0.003347377306031572
Creating version header,Formatting source code,0.0027688640263401326,0.0027688640263401326,0.0027688640263401326
Deploying Helm charts,Formatting source code,0.009597634254275908,0.009597634254275908,0.009597634254275908
Verifying digital signatures,Formatting source code,0.003450682566043732,0.003450682566043732,0.003450682566043732
Analyzing CPU usage,Generating code coverage report,0.0042752163004764095,0.0042752163004764095,0.0042752163004764095
Analyzing historical trends,Generating code coverage report,-0.007480445612726115,0.007480445612726115,-0.007480445612726115
Analyzing static code,Generating code coverage report,-0.0015225815704263679,0.0015225815704263679,-0.0006655248400409936
Archiving build artifacts,Generating code coverage report,0.0058857920623572564,0.0058857920623572564,0.0058857920623572564
Backing up database,Generating code coverage report,-0.0016550888312432067,0.0016550888312432067,-0.0016550888312432067
Building Java classes,Generating code coverage report,0.0033334645199503805,0.0033334645199503805,0.0033334645199503805
Checking available memory,Generating code coverage report,0.001025438834426302,0.001025438834426302,0.001025438834426302
Checking code style,Generating code coverage report,0.004391849002940743,0.004391849002940743,0.004391849002940743
Checking database connectivity,Generating code coverage report,-0.0013032120542328988,0.0013032120542328988,-0.0013032120542328988
Checking disk space,Generating code coverage report,-0.0029427820596764345,0.0029427820596764345,-0.0029427820596764345
Checking out branch,Generating code coverage report,0.0014990383781326977,0.0014990383781326977,0.0014990383781326977
Cleaning Docker cache,Generating code coverage report,-0.00429388275445745,0.00429388275445745,-0.000863696139736285
Cloning repository,Generating code coverage report,0.0006617011899344281,0.0006617011899344281,0.0006617011899344281
Compiling TypeScript files,Generating code coverage report,-0.0021864420925905995,0.0021864420925905995,-0.0015387833915879584
Compressing log files,Generating code coverage report,-0.0006867688804219433,0.0006867688804219433,-0.0006867688804219433
Configuring build environment,Generating code coverage report,0.004616323106105837,0.004616323106105837,0.004616323106105837
Converting markdown to HTML,Generating code coverage report,0.0028719976409220947,0.0028719976409220947,0.002175676653427158
Creating Jira ticket,Generating code coverage report,0.002288349802829643,0.002288349802829643,0.002288349802829643
Creating git tag,Generating code coverage report,-0.0017572547269416557,0.0017572547269416557,-0.0017572547269416557
Creating release notes,Generating code coverage report,0.0018011880095027087,0.0018011880095027087,0.0018011880095027087
Creating version header,Generating code coverage report,0.9383344455929606,0.9383344455929606,0.9322274605889892
Decrypting configuration files,Generating code coverage report,-0.005263127612958791,0.005263127612958791,-0.0016104472495681549
Dependency chain resolved,Generating code coverage report,0.0010245050608792263,0.0010245050608792263,0.0010245050608792263
Deploying Helm charts,Generating code coverage report,0.0014352498213142163,0.0014352498213142163,0.0014352498213142163
Deploying to production,Generating code coverage report,0.0028812187114605385,0.0028812187114605385,0.0028812187114605385
Deploying to staging environment,Generating code coverage report,0.003484438729341938,0.003484438729341938,0.003484438729341938
Deprecated function used,Generating code coverage report,-0.003196869453548404,0.003196869453548404,-0.003196869453548404
Encrypting artifacts,Generating code coverage report,-0.006057831021535119,0.006057831021535119,-0.0010874357046741553
Entering compilation loop,Generating code coverage report,-0.0006449638837617031,0.0006449638837617031,-0.00039836315585879597
Generating documentation with Doxygen,Generating code coverage report,0.017558342406684392,0.017558342406684392,0.0083368429983415
Generating system diagnostics,Generating code coverage report,0.0035246818434243096,0.0035246818434243096,0.0035246818434243096
Installing dependencies,Generating code coverage report,-0.00425802124933398,0.00425802124933398,-0.00425802124933398
Linker returned non-zero exit code,Generating code coverage report,-0.008250816677453822,0.008250816677453822,-0.007820147411792386
Linking CXX executable,Generating code coverage report,0.00022069059614880394,0.00022069059614880394,0.00022069059614880394
Linking shared libraries,Generating code coverage report,0.0011150866855014125,0.0011150866855014125,0.0011150866855014125
Logging health status,Generating code coverage report,-0.008108818570917303,0.008108818570917303,-0.004156579401619337
Measuring memory usage,Generating code coverage report,0.000668825021500848,0.000668825021500848,0.000668825021500848
Merging pull request,Generating code coverage report,0.00014378172006483756,0.00014378172006483756,0.00014378172006483756
Migrating database schema,Generating code coverage report,-0.004145666848196998,0.004145666848196998,-4.912379531873262e-05
Monitoring build agents,Generating code coverage report,-0.36248185716308184,0.36248185716308184,-0.3622537482484411
Notifying release manager,Generating code coverage report,0.0009927500627228004,0.0009927500627228004,0.0009927500627228004
Optimizing assets,Generating code coverage report,0.0005321862548463143,0.0005321862548463143,0.0005321862548463143
Out of memory during linking stage,Generating code coverage report,0.001578403873031362,0.001578403873031362,0.001578403873031362
Patching vulnerabilities,Generating code coverage report,-0.0008661194056310537,0.0008661194056310537,-0.0008661194056310537
Publishing artifacts to repository,Generating code coverage report,0.00022345864508515573,0.00022345864508515573,0.00022345864508515573
Publishing site,Generating code coverage report,0.00031528174376141004,0.00031528174376141004,0.00031528174376141004
Pulling Docker base image,Generating code coverage report,0.0021013308033523866,0.0021013308033523866,0.0021013308033523866
Pushing Docker image,Generating code coverage report,0.0010296759301136134,0.0010296759301136134,0.0010296759301136134
Pushing changes to remote,Generating code coverage report,-0.0006281158674946983,0.0006281158674946983,-0.0006281158674946983
Rebalancing workloads,Generating code coverage report,6.390159897325809e-05,6.390159897325809e-05,6.390159897325809e-05
Rebasing branch,Generating code coverage report,0.0005742018064332386,0.0005742018064332386,0.0005742018064332386
Rebooting build server,Generating code coverage report,0.000871734692827954,0.000871734692827954,0.00021221019512748487
Rebuilding failed jobs,Generating code coverage report,-0.0034084654329436183,0.0034084654329436183,-0.0013065255911301234
Reporting test results,Generating code coverage report,0.0003665059338561868,0.0003665059338561868,0.0003665059338561868
Restarting database service,Generating code coverage report,0.005761683416272288,0.005761683416272288,0.0007898770202404252
Restarting failed containers,Generating code coverage report,0.0029054848099310205,0.0029054848099310205,0.0029054848099310205
Restoring database,Generating code coverage report,0.002427292550312012,0.002427292550312012,0.002427292550312012
Running integration tests,Generating code coverage report,-0.0030679473881327,0.0030679473881327,-0.0030679473881327
Running linter checks,Generating code coverage report,-0.0002212268030648918,0.0002212268030648918,-7.971191531970697e-05
Running regression tests,Generating code coverage report,-0.017412691841865932,0.017412691841865932,-0.012289014096521163
Running security scan,Generating code coverage report,-0.0010004773603751946,0.0010004773603751946,-0.0010004773603751946
Running unit tests,Generating code coverage report,-0.0018188839765331517,0.0018188839765331517,-0.0018188839765331517
Scanning for secrets in code,Generating code coverage report,3.712351268146234e-05,3.712351268146234e-05,3.712351268146234e-05
Sending Slack notification,Generating code coverage report,-1.8439845363501112e-05,1.8439845363501112e-05,-1.8439845363501112e-05
Sending report via email,Generating code coverage report,-0.0009406976689136817,0.0009406976689136817,-0.00012798442117308234
Signing release packages,Generating code coverage report,0.002932219010105692,0.002932219010105692,0.002932219010105692
Starting CI job,Generating code coverage report,-0.0007179901582901521,0.0007179901582901521,-0.0007179901582901521
Syncing mirrors,Generating code coverage report,-0.0003316290045021386,0.0003316290045021386,-0.0003316290045021386
Syncing with GitHub,Generating code coverage report,-0.0020254839547190592,0.0020254839547190592,-0.00017668959950801805
"TRACE socket recv timeout, backing off 200ms",Generating code coverage report,0.0008229509310072599,0.0008229509310072599,0.0008229509310072599
Tagging Docker image,Generating code coverage report,0.00018500756373719717,0.00018500756373719717,0.00018500756373719717
Tracking build metrics,Generating code coverage report,-0.0005378369369653069,0.0005378369369653069,-0.0005378369369653069
Uploading logs to S3,Generating code coverage report,0.000331860558322026,0.000331860558322026,0.000331860558322026
Uploading sourcemaps,Generating code coverage report,0.0008939294977669145,0.0008939294977669145,0.0008939294977669145
Verifying checksums,Generating code coverage report,0.00022425333767346888,0.00022425333767346888,0.00022425333767346888
Verifying digital signatures,Generating code coverage report,0.0011664063737374549,0.0011664063737374549,0.0011664063737374549
Verifying git tag signature,Generating code coverage report,0.0004603353810076528,0.0004603353810076528,0.0004603353810076528
java.lang.NullPointerException at com.example.Main:142,Generating code coverage report,-0.0009459191235980428,0.0009459191235980428,-0.0009459191235980428
###### random boundary #####,Generating documentation with Doxygen,0.0009085184441485836,0.0009085184441485836,0.0009085184441485836
Analyzing historical trends,Generating documentation with Doxygen,0.0012465992136748694,0.0012465992136748694,0.0012465992136748694
Configuring build environment,Generating documentation with Doxygen,0.952990494851371,0.952990494851371,0.952990494851371
Notifying release manager,Generating documentation with Doxygen,-0.0015902902057563727,0.0015902902057563727,-0.0015902902057563727
Patching vulnerabilities,Generating documentation with Doxygen,-0.0008301144502855722,0.0008301144502855722,-0.0005908298283700259
###### random boundary #####,Installing dependencies,-0.0020350441973102495,0.0020350441973102495,-0.0018853211849798584
Analyzing CPU usage,Installing dependencies,-0.016381035266948982,0.016381035266948982,-0.01611448368462558
Analyzing historical trends,Installing dependencies,-0.030257365588117695,0.030257365588117695,-0.003274859932676522
Analyzing static code,Installing dependencies,0.007776260778075314,0.007776260778075314,0.007776260778075314
Archiving build artifacts,Installing dependencies,0.7139691806797412,0.7139691806797412,0.7139691806797412
Backing up database,Installing dependencies,0.0015518062979336666,0.0015518062979336666,0.0015518062979336666
Building CXX object,Installing dependencies,0.004638973706625138,0.004638973706625138,0.004638973706625138
Building Java classes,Installing dependencies,0.003428953217182897,0.003428953217182897,0.003428953217182897
Checking available memory,Installing dependencies,0.006061755260394093,0.006061755260394093,0.00029479925354909675
Checking code style,Installing dependencies,-0.02370601587057311,0.02370601587057311,-0.02370601587057311
Checking disk space,Installing dependencies,0.00877179046062863,0.00877179046062863,0.00877179046062863
Checking out branch,Installing dependencies,-0.031968828799930994,0.031968828799930994,-0.027785604684105576
Cleaning Docker cache,Installing dependencies,0.0025899823922601196,0.0025899823922601196,0.0025899823922601196
Cloning repository,Installing dependencies,0.005658045704526777,0.005658045704526777,0.002907818638270862
Compiling TypeScript files,Installing dependencies,-0.012505071777675484,0.012505071777675484,-0.004899899597991455
Compressing log files,Installing dependencies,0.001885781057212007,0.001885781057212007,0.0017513847395692142
Configuring build environment,Installing dependencies,-0.010977510987865592,0.010977510987865592,-0.010088024586336808
Converting markdown to HTML,Installing dependencies,0.002024273531931873,0.002024273531931873,0.002024273531931873
Creating Jira ticket,Installing dependencies,0.004662817310000454,0.004662817310000454,0.004662817310000454
Creating git tag,Installing dependencies,0.01199113093130478,0.01199113093130478,0.01199113093130478
Creating new pipeline configuration,Installing dependencies,-0.02330412707333533,0.02330412707333533,-0.02330412707333533
Creating release notes,Installing dependencies,0.004387386348430365,0.004387386348430365,0.004387386348430365
Creating version header,Installing dependencies,-0.010188799641981251,0.010188799641981251,-0.000500239050373147
Decrypting configuration files,Installing dependencies,0.0007636882222166875,0.0007636882222166875,0.0007636882222166875
Dependency chain resolved,Installing dependencies,-0.01322132534548234,0.01322132534548234,-0.009374965166294574
Deploying Helm charts,Installing dependencies,-0.0005446205302619886,0.0005446205302619886,-0.0001660290380857483
Deploying to production,Installing dependencies,0.000990028887502287,0.000990028887502287,0.000990028887502287
Deploying to staging environment,Installing dependencies,-0.019175324580318558,0.019175324580318558,-0.0018188004651483094
Deprecated function used,Installing dependencies,0.005053972102178757,0.005053972102178757,0.005053972102178757
Encrypting artifacts,Installing dependencies,0.009499820606219296,0.009499820606219296,0.009499820606219296
Finalizing CI job,Installing dependencies,-0.0007088932345424478,0.0007088932345424478,-0.0007088932345424478
Generating code coverage report,Installing dependencies,0.0003678351180138408,0.0003678351180138408,0.0003678351180138408
Generating documentation with Doxygen,Installing dependencies,0.020702222285021242,0.020702222285021242,0.015242142296743135
Linker returned non-zero exit code,Installing dependencies,0.04395938085919539,0.04395938085919539,0.04244160960176159
Linking CXX executable,Installing dependencies,0.008829578293343215,0.008829578293343215,0.008356498483140008
Linking shared libraries,Installing dependencies,0.003338567562972166,0.003338567562972166,0.0006046554968175662
Logging build statistics,Installing dependencies,0.00400255500456789,0.00400255500456789,0.003167469335738372
Logging health status,Installing dependencies,0.022777661759764596,0.022777661759764596,0.022060762462582047
Measuring memory usage,Installing dependencies,-0.0009495261218659464,0.0009495261218659464,-0.0009495261218659464
Migrating database schema,Installing dependencies,-0.0013818505374096125,0.0013818505374096125,-0.0013818505374096125
Monitoring build agents,Installing dependencies,0.006657549681011019,0.006657549681011019,0.0057964491288079335
Notifying release manager,Installing dependencies,0.002022251277114077,0.002022251277114077,0.002022251277114077
Patching vulnerabilities,Installing dependencies,-0.0012380393760477568,0.0012380393760477568,-0.0012380393760477568
Pulling Docker base image,Installing dependencies,-0.0011948256778542426,0.0011948256778542426,-0.0011948256778542426
Pushing Docker image,Installing dependencies,-0.00042924366228894314,0.00042924366228894314,-0.00042924366228894314
Pushing changes to remote,Installing dependencies,-0.0003561340499157487,0.0003561340499157487,-0.0003561340499157487
Rebalancing workloads,Installing dependencies,-0.0004795770394514879,0.0004795770394514879,-0.0004795770394514879
Rebasing branch,Installing dependencies,0.0032863712648785693,0.0032863712648785693,0.0008978029803596247
Rebooting build server,Installing dependencies,-0.0018318341724275471,0.0018318341724275471,-0.0018318341724275471
Reporting test results,Installing dependencies,-0.001328051760500555,0.001328051760500555,-0.001328051760500555
Restarting database service,Installing dependencies,0.0018136502644059715,0.0018136502644059715,0.0018136502644059715
Reviewing dependencies,Installing dependencies,-0.0010212162492068408,0.0010212162492068408,-0.0010212162492068408
Running integration tests,Installing dependencies,0.0017904898837674006,0.0017904898837674006,0.0017904898837674006
Running linter checks,Installing dependencies,0.00013924759079767522,0.00013924759079767522,0.00013924759079767522
Running performance tests,Installing dependencies,-0.0006942365181854028,0.0006942365181854028,-0.0001383351700878906
Running security scan,Installing dependencies,-0.0039051487233974147,0.0039051487233974147,-0.0039051487233974147
Running smoke tests,Installing dependencies,-0.001338869510912383,0.001338869510912383,-0.0004112191199063514
Running unit tests,Installing dependencies,0.006057717783345684,0.006057717783345684,0.004826284252184777
Scanning for secrets in code,Installing dependencies,-0.000587998157882113,0.000587998157882113,-0.000587998157882113
Seeding database,Installing dependencies,-0.0007211336328923831,0.0007211336328923831,-0.0007211336328923831
Sending Slack notification,Installing dependencies,0.001144601365311377,0.001144601365311377,0.0002730300733976138
Sending report via email,Installing dependencies,-0.006760747145815541,0.006760747145815541,-0.005703301886507292
Signing release packages,Installing dependencies,-0.008390835460227558,0.008390835460227558,-0.006282477912276825
Starting CI job,Installing dependencies,-0.005176840817723048,0.005176840817723048,-0.0024076754528845495
Syncing mirrors,Installing dependencies,-0.0013744987110185266,0.0013744987110185266,-0.0013744987110185266
Tagging Docker image,Installing dependencies,0.002926555283748098,0.002926555283748098,0.002926555283748098
Tracking build metrics,Installing dependencies,-0.0018187641609481314,0.0018187641609481314,-0.0018187641609481314
Triggering downstream jobs,Installing dependencies,-0.0008152758723043974,0.0008152758723043974,-0.0008152758723043974
Triggering webhook,Installing dependencies,0.001799476500929153,0.001799476500929153,0.001799476500929153
Uploading logs to S3,Installing dependencies,-0.0018273957095698056,0.0018273957095698056,-0.0006563400868160579
Uploading sourcemaps,Installing dependencies,0.0013836186277826437,0.0013836186277826437,0.0009253279058463264
Validating Kubernetes manifests,Installing dependencies,0.0009795025839983908,0.0009795025839983908,0.0007092866917744818
Verifying checksums,Installing dependencies,-0.004657667361925401,0.004657667361925401,-0.004657667361925401
Verifying dependency integrity,Installing dependencies,0.0014251629490022388,0.0014251629490022388,0.0014251629490022388
Verifying digital signatures,Installing dependencies,-0.001303083368401897,0.001303083368401897,-0.001303083368401897
Verifying service health checks,Installing dependencies,-0.0004338296618957313,0.0004338296618957313,-0.0004338296618957313
WARN retrying connection to mirror (attempt 3/5),Installing dependencies,-0.0026861523273175635,0.0026861523273175635,-0.0026861523273175635
^[[0;31mANSI color spill^[[0m,Installing dependencies,-0.0048557692908322535,0.0048557692908322535,-0.0023084674981408097
dmesg: CPU soft lockup detected on core 3,Installing dependencies,0.0037593715401207546,0.0037593715401207546,0.0016682994626556853
gc: collecting generation 2 ... done,Installing dependencies,0.0006410731430341657,0.0006410731430341657,0.0006410731430341657
java.lang.NullPointerException at com.example.Main:142,Installing dependencies,0.0008519550439626452,0.0008519550439626452,0.0008519550439626452
###### random boundary #####,Linker returned non-zero exit code,0.0445232489901994,0.0445232489901994,0.0445232489901994
Analyzing CPU usage,Linker returned non-zero exit code,-0.009437315817483725,0.009437315817483725,-0.009437315817483725
Analyzing historical trends,Linker returned non-zero exit code,0.015278524382189561,0.015278524382189561,0.0012027141992354048
Analyzing static code,Linker returned non-zero exit code,0.005327465822627217,0.005327465822627217,0.005327465822627217
Archiving build artifacts,Linker returned non-zero exit code,-0.020380194547338824,0.020380194547338824,-0.020380194547338824
Backing up database,Linker returned non-zero exit code,0.00232276576077954,0.00232276576077954,0.00232276576077954
Building Java classes,Linker returned non-zero exit code,0.00034567385544988303,0.00034567385544988303,0.00034567385544988303
Checking available memory,Linker returned non-zero exit code,0.044985341731960615,0.044985341731960615,0.044985341731960615
Checking code style,Linker returned non-zero exit code,0.0629300863890821,0.0629300863890821,0.044041046876113175
Checking database connectivity,Linker returned non-zero exit code,0.04174209612430758,0.04174209612430758,0.04174209612430758
Checking disk space,Linker returned non-zero exit code,0.0020094335439689907,0.0020094335439689907,0.0020094335439689907
Checking out branch,Linker returned non-zero exit code,-0.011020638163890102,0.011020638163890102,-0.010317206659078496
Cleaning Docker cache,Linker returned non-zero exit code,0.0010209425966738067,0.0010209425966738067,0.0010209425966738067
Compiling TypeScript files,Linker returned non-zero exit code,0.005837912063901184,0.005837912063901184,0.002325639645044013
Compressing log files,Linker returned non-zero exit code,0.04128242819465362,0.04128242819465362,0.04128242819465362
Configuring build environment,Linker returned non-zero exit code,-0.005672294679984958,0.005672294679984958,-0.005436864535364429
Creating Jira ticket,Linker returned non-zero exit code,0.0001949067092850513,0.0001949067092850513,0.0001949067092850513
Creating git tag,Linker returned non-zero exit code,0.00735224231130134,0.00735224231130134,0.00735224231130134
Creating new pipeline configuration,Linker returned non-zero exit code,-0.005516442730835228,0.005516442730835228,-0.004865414035665787
Creating release notes,Linker returned non-zero exit code,-7.959138404736276e-05,7.959138404736276e-05,-7.959138404736276e-05
Creating version header,Linker returned non-zero exit code,0.009930183096531766,0.009930183096531766,0.005388520352857739
Decrypting configuration files,Linker returned non-zero exit code,0.008404251709746027,0.008404251709746027,0.008404251709746027
Dependency chain resolved,Linker returned non-zero exit code,-0.010197648636929749,0.010197648636929749,-0.0028700048521867723
Deploying Helm charts,Linker returned non-zero exit code,0.040293239587217256,0.040293239587217256,0.040293239587217256
Deploying to production,Linker returned non-zero exit code,-0.00011803828787375334,0.00011803828787375334,-0.00011803828787375334
Deploying to staging environment,Linker returned non-zero exit code,-0.0098748752002392,0.0098748752002392,-0.0023956916689494546
Deprecated function used,Linker returned non-zero exit code,0.002864747836662146,0.002864747836662146,0.002864747836662146
Encrypting artifacts,Linker returned non-zero exit code,0.0048603463119930084,0.0048603463119930084,0.004763551815770401
Entering compilation loop,Linker returned non-zero exit code,0.05029822120196879,0.05029822120196879,0.05029822120196879
Finalizing CI job,Linker returned non-zero exit code,0.14986644863023887,0.14986644863023887,0.14986644863023887
Formatting source code,Linker returned non-zero exit code,0.06341177785824006,0.06341177785824006,0.043273159366512236
Generating code coverage report,Linker returned non-zero exit code,6.319857563004821e-06,6.319857563004821e-06,6.319857563004821e-06
Generating documentation with Doxygen,Linker returned non-zero exit code,0.006986327827377287,0.006986327827377287,0.006986327827377287
Linking CXX executable,Linker returned non-zero exit code,0.002235825825271863,0.002235825825271863,0.002235825825271863
Linking shared libraries,Linker returned non-zero exit code,0.002471153625879294,0.002471153625879294,0.0014089049562212184
Logging build statistics,Linker returned non-zero exit code,-0.00036528511667046547,0.00036528511667046547,-0.00036528511667046547
Logging health status,Linker returned non-zero exit code,0.007973169788773842,0.007973169788773842,0.007973169788773842
Measuring memory usage,Linker returned non-zero exit code,-0.007334949902540986,0.007334949902540986,-0.007037714852453755
Merging pull request,Linker returned non-zero exit code,0.005162666362653345,0.005162666362653345,0.0025933849056917905
Migrating database schema,Linker returned non-zero exit code,-0.002713473715510421,0.002713473715510421,-0.002713473715510421
Monitoring build agents,Linker returned non-zero exit code,-0.0197661899056915,0.0197661899056915,-0.017103750313390512
Notifying release manager,Linker returned non-zero exit code,0.005522919057986148,0.005522919057986148,0.002862266557890538
Optimizing assets,Linker returned non-zero exit code,-8.215903030252024e-06,8.215903030252024e-06,-8.215903030252024e-06
Out of memory during linking stage,Linker returned non-zero exit code,-0.001119655236116821,0.001119655236116821,-0.001119655236116821
Patching vulnerabilities,Linker returned non-zero exit code,0.004911570052495067,0.004911570052495067,0.002506526795972348
Publishing site,Linker returned non-zero exit code,-0.0018069683117239138,0.0018069683117239138,-0.0018069683117239138
Pulling Docker base image,Linker returned non-zero exit code,-0.0006455882918581586,0.0006455882918581586,-0.0006455882918581586
Pushing Docker image,Linker returned non-zero exit code,0.004749720014280033,0.004749720014280033,0.004749720014280033
Pushing changes to remote,Linker returned non-zero exit code,0.0033040893187737826,0.0033040893187737826,0.0033040893187737826
Rebalancing workloads,Linker returned non-zero exit code,-0.0044864774910624294,0.0044864774910624294,-0.0003154740261576195
Rebooting build server,Linker returned non-zero exit code,-0.0008122577606506638,0.0008122577606506638,-0.0008122577606506638
Rebuilding failed jobs,Linker returned non-zero exit code,0.0009799909010898252,0.0009799909010898252,0.0009799909010898252
Reporting test results,Linker returned non-zero exit code,-0.004703434598328212,0.004703434598328212,-0.003138293046053254
Restarting failed containers,Linker returned non-zero exit code,-0.0005545440395113001,0.0005545440395113001,-0.0005545440395113001
Restoring database,Linker returned non-zero exit code,-1.9843942024749835e-05,1.9843942024749835e-05,-1.9843942024749835e-05
Reviewing dependencies,Linker returned non-zero exit code,0.002137086332607449,0.002137086332607449,0.002137086332607449
Running integration tests,Linker returned non-zero exit code,-0.0035974040420039995,0.0035974040420039995,-0.0035974040420039995
Running linter checks,Linker returned non-zero exit code,-0.009992178130068266,0.009992178130068266,-0.009992178130068266
Running regression tests,Linker returned non-zero exit code,0.002669620899864106,0.002669620899864106,0.002669620899864106
Running security scan,Linker returned non-zero exit code,0.005201279975968634,0.005201279975968634,0.003937819693065863
Running smoke tests,Linker returned non-zero exit code,-0.0047355909221537835,0.0047355909221537835,-0.0028143083306420764
Scanning for secrets in code,Linker returned non-zero exit code,0.003920429593952824,0.003920429593952824,0.001662487734022361
Seeding database,Linker returned non-zero exit code,0.00015324583525502138,0.00015324583525502138,0.00015324583525502138
Sending Slack notification,Linker returned non-zero exit code,0.004557552580674284,0.004557552580674284,0.004557552580674284
Sending report via email,Linker returned non-zero exit code,-0.003882578486684851,0.003882578486684851,-0.003882578486684851
Starting CI job,Linker returned non-zero exit code,-0.005414838730486178,0.005414838730486178,-0.005414838730486178
Syncing mirrors,Linker returned non-zero exit code,-0.0009502783801452555,0.0009502783801452555,-0.000853730962321134
Syncing with GitHub,Linker returned non-zero exit code,-0.00709843264213331,0.00709843264213331,-0.00709843264213331
"TRACE socket recv timeout, backing off 200ms",Linker returned non-zero exit code,0.0030405262325055994,0.0030405262325055994,0.001613376020234932
Tagging Docker image,Linker returned non-zero exit code,0.00468668370564097,0.00468668370564097,0.0043675845234226185
Triggering downstream jobs,Linker returned non-zero exit code,-0.0009525698280155961,0.0009525698280155961,-0.0009525698280155961
Triggering webhook,Linker returned non-zero exit code,0.0011628182099727624,0.0011628182099727624,0.0011628182099727624
Uploading crash reports,Linker returned non-zero exit code,-0.002873872188919523,0.002873872188919523,-0.002873872188919523
Uploading logs to S3,Linker returned non-zero exit code,-0.003949319682537056,0.003949319682537056,-0.0015869990394701656
Uploading sourcemaps,Linker returned non-zero exit code,-0.002731607572904366,0.002731607572904366,-0.002731607572904366
Validating Kubernetes manifests,Linker returned non-zero exit code,0.0008161290342045454,0.0008161290342045454,0.0008161290342045454
Validating deployment,Linker returned non-zero exit code,0.00021553129520333802,0.00021553129520333802,0.00021553129520333802
Verifying dependency integrity,Linker returned non-zero exit code,0.005154526457159895,0.005154526457159895,0.005154526457159895
Verifying digital signatures,Linker returned non-zero exit code,0.0019706280012292353,0.0019706280012292353,0.0004391060581124557
Verifying git tag signature,Linker returned non-zero exit code,-0.0007043091141454709,0.0007043091141454709,-0.0007043091141454709
Verifying service health checks,Linker returned non-zero exit code,0.001797386185015756,0.001797386185015756,0.001797386185015756
WARN retrying connection to mirror (attempt 3/5),Linker returned non-zero exit code,0.00582221646066538,0.00582221646066538,0.004371910679462957
^[[0;31mANSI color spill^[[0m,Linker returned non-zero exit code,0.0031997251803207697,0.0031997251803207697,0.0015004538057671807
dmesg: CPU soft lockup detected on core 3,Linker returned non-zero exit code,-0.0011585000468766616,0.0011585000468766616,-0.0011585000468766616
gc: collecting generation 2 ... done,Linker returned non-zero exit code,0.0018735433202015529,0.0018735433202015529,0.0006885481499217553
java.lang.NullPointerException at com.example.Main:142,Linker returned non-zero exit code,-0.007127354306841318,0.007127354306841318,-0.007127354306841318
###### random boundary #####,Linking CXX executable,-0.0053704125703699,0.0053704125703699,-0.0010180779678014098
Analyzing historical trends,Linking CXX executable,0.9999563962278647,0.9999563962278647,0.9999563962278647
Analyzing static code,Linking CXX executable,-0.011493076783164548,0.011493076783164548,-0.010449411999738735
Archiving build artifacts,Linking CXX executable,0.2163861857948267,0.2163861857948267,0.2163861857948267
Backing up database,Linking CXX executable,0.24623028880387077,0.24623028880387077,0.24623028880387077
Building CXX object,Linking CXX executable,0.0027331267999566814,0.0027331267999566814,0.0027331267999566814
Building Java classes,Linking CXX executable,0.0008274828677034686,0.0008274828677034686,0.0008274828677034686
Checking available memory,Linking CXX executable,-0.003841354083531504,0.003841354083531504,-0.003588903122713288
Checking code style,Linking CXX executable,-0.0014481397720711175,0.0014481397720711175,-0.000809695926676674
Checking database connectivity,Linking CXX executable,-0.0091044517224802,0.0091044517224802,-0.008321851246765252
Checking disk space,Linking CXX executable,-0.015150503500188579,0.015150503500188579,-0.015150503500188579
Checking out branch,Linking CXX executable,0.1650542200330693,0.1650542200330693,0.1570978034910151
Cleaning Docker cache,Linking CXX executable,0.04156627426947918,0.04156627426947918,0.03952629308116467
Cloning repository,Linking CXX executable,0.0011512136668585093,0.0011512136668585093,0.0011512136668585093
Compiling TypeScript files,Linking CXX executable,-0.011486777401685307,0.011486777401685307,-0.007926281998990845
Compressing log files,Linking CXX executable,-0.005006334454554879,0.005006334454554879,-0.003337636886929623
Configuring build environment,Linking CXX executable,0.0012021263558377841,0.0012021263558377841,0.0012021263558377841
Converting markdown to HTML,Linking CXX executable,-0.0004143106591843978,0.0004143106591843978,-0.0004143106591843978
Creating Jira ticket,Linking CXX executable,-0.0008783105152267295,0.0008783105152267295,-0.0008783105152267295
Creating git tag,Linking CXX executable,-0.01246378083614253,0.01246378083614253,-0.010348852683424505
Creating new pipeline configuration,Linking CXX executable,-0.0012438742256545001,0.0012438742256545001,-0.0012438742256545001
Creating release notes,Linking CXX executable,0.0007417896465512236,0.0007417896465512236,0.0007417896465512236
Creating version header,Linking CXX executable,-0.012991747545904432,0.012991747545904432,-0.012991747545904432
Decrypting configuration files,Linking CXX executable,-0.015639032193311343,0.015639032193311343,-0.015639032193311343
Dependency chain resolved,Linking CXX executable,0.0016484940353415829,0.0016484940353415829,0.0016484940353415829
Deploying Helm charts,Linking CXX executable,-0.006389645991050309,0.006389645991050309,-0.002364942243669406
Deploying to production,Linking CXX executable,0.002092519144658978,0.002092519144658978,0.002092519144658978
Deploying to staging environment,Linking CXX executable,-0.010183626109885054,0.010183626109885054,-0.010183626109885054
Deprecated function used,Linking CXX executable,-0.020876446936806597,0.020876446936806597,-0.019774602165833335
Encrypting artifacts,Linking CXX executable,-0.013446182697763128,0.013446182697763128,-0.008765370608942937
Entering compilation loop,Linking CXX executable,-0.003300466887293091,0.003300466887293091,-0.003300466887293091
Finalizing CI job,Linking CXX executable,-0.011680952054211017,0.011680952054211017,-0.011680952054211017
Formatting source code,Linking CXX executable,-0.007482931677636445,0.007482931677636445,-0.002338183552587173
Generating code coverage report,Linking CXX executable,0.0028715713905881216,0.0028715713905881216,0.0028715713905881216
Generating documentation with Doxygen,Linking CXX executable,-0.1571136239386655,0.1571136239386655,-0.0991480426961591
Generating system diagnostics,Linking CXX executable,0.0012857891137353368,0.0012857891137353368,0.0012857891137353368
Installing dependencies,Linking CXX executable,-0.07888887615090809,0.07888887615090809,-0.06294161518459043
Linker returned non-zero exit code,Linking CXX executable,-0.26854714934844315,0.26854714934844315,-0.2573151097129939
Linking shared libraries,Linking CXX executable,-0.002130619316492296,0.002130619316492296,-0.0008137034226483752
Logging build statistics,Linking CXX executable,0.004787875838670008,0.004787875838670008,0.00011877312010001063
Logging health status,Linking CXX executable,-0.026645668408988812,0.026645668408988812,-0.024254913964080502
Measuring memory usage,Linking CXX executable,-0.006299582112196574,0.006299582112196574,-0.006299582112196574
Merging pull request,Linking CXX executable,0.005675939108634315,0.005675939108634315,0.005675939108634315
Migrating database schema,Linking CXX executable,-0.5283084125529501,0.5283084125529501,-0.5179251242560677
Monitoring build agents,Linking CXX executable,0.001496112758137798,0.001496112758137798,0.001496112758137798
Notifying release manager,Linking CXX executable,0.005933953616262692,0.005933953616262692,0.005933953616262692
Optimizing assets,Linking CXX executable,0.004951443518167273,0.004951443518167273,0.004951443518167273
Out of memory during linking stage,Linking CXX executable,0.005796605613001375,0.005796605613001375,0.0033866201072510795
Patching vulnerabilities,Linking CXX executable,-0.013078464129247245,0.013078464129247245,-0.00939893431051614
Publishing artifacts to repository,Linking CXX executable,0.002826879041032104,0.002826879041032104,0.002826879041032104
Publishing site,Linking CXX executable,0.002220078068223953,0.002220078068223953,0.002220078068223953
Pulling Docker base image,Linking CXX executable,0.006171719963050956,0.006171719963050956,0.006171719963050956
Pushing changes to remote,Linking CXX executable,0.005652518741657161,0.005652518741657161,0.005652518741657161
Rebalancing workloads,Linking CXX executable,0.008867696128543991,0.008867696128543991,0.007212609125726629
Rebasing branch,Linking CXX executable,0.005307798130445667,0.005307798130445667,0.003801197958610019
Rebooting build server,Linking CXX executable,0.001478639510104021,0.001478639510104021,0.001478639510104021
Rebuilding failed jobs,Linking CXX executable,-0.01548161046309129,0.01548161046309129,-0.002459540542972468
Reporting test results,Linking CXX executable,0.004384226032714689,0.004384226032714689,0.004384226032714689
Restarting database service,Linking CXX executable,0.0005592052484099289,0.0005592052484099289,0.0005592052484099289
Restarting failed containers,Linking CXX executable,0.007852312478845285,0.007852312478845285,0.005330481249909163
Restoring database,Linking CXX executable,0.01190045764818468,0.01190045764818468,0.01190045764818468
Reviewing dependencies,Linking CXX executable,0.0028865610485571554,0.0028865610485571554,0.0028865610485571554
Running integration tests,Linking CXX executable,-0.004954747087540399,0.004954747087540399,-0.004954747087540399
Running linter checks,Linking CXX executable,-0.0021748457192330845,0.0021748457192330845,-0.0021748457192330845
Running performance tests,Linking CXX executable,-0.0002501948586474132,0.0002501948586474132,-0.0002501948586474132
Running regression tests,Linking CXX executable,-0.020485358211531288,0.020485358211531288,-0.011813191936216813
Running security scan,Linking CXX executable,-0.0021191756549859067,0.0021191756549859067,-0.0021191756549859067
Running smoke tests,Linking CXX executable,-0.05129973749314372,0.05129973749314372,-0.05129973749314372
Running unit tests,Linking CXX executable,-0.16832499842215332,0.16832499842215332,-0.16832499842215332
Scanning for secrets in code,Linking CXX executable,0.029720310110110094,0.029720310110110094,0.029720310110110094
Seeding database,Linking CXX executable,-0.001805102924352426,0.001805102924352426,-0.0016750072178290326
Sending Slack notification,Linking CXX executable,0.0017727640606777196,0.0017727640606777196,0.0012959085216867215
Sending report via email,Linking CXX executable,0.002153279300449285,0.002153279300449285,0.002153279300449285
Signing release packages,Linking CXX executable,0.014191382933307215,0.014191382933307215,0.014191382933307215
Starting CI job,Linking CXX executable,0.0001816642377377089,0.0001816642377377089,0.0001816642377377089
Syncing mirrors,Linking CXX executable,0.003292265888262441,0.003292265888262441,0.003292265888262441
Syncing with GitHub,Linking CXX executable,-0.06173310633880491,0.06173310633880491,-0.06173310633880491
"TRACE socket recv timeout, backing off 200ms",Linking CXX executable,-0.00018318438083601417,0.00018318438083601417,-0.00018318438083601417
Tagging Docker image,Linking CXX executable,0.0012450853514623607,0.0012450853514623607,0.0012450853514623607
Tracking build metrics,Linking CXX executable,-0.0004002725704559873,0.0004002725704559873,-0.0001941816412563386
Triggering downstream jobs,Linking CXX executable,0.005447927477175939,0.005447927477175939,0.005447927477175939
Triggering webhook,Linking CXX executable,-0.00042935251728155866,0.00042935251728155866,-0.00042935251728155866
Uploading crash reports,Linking CXX executable,-0.001713328155857688,0.001713328155857688,-0.001713328155857688
Uploading sourcemaps,Linking CXX executable,-0.002598330596325601,0.002598330596325601,-0.0005876513501143531
Validating Kubernetes manifests,Linking CXX executable,-0.00092104891124979,0.00092104891124979,-0.00092104891124979
Verifying checksums,Linking CXX executable,-0.0009812347115444806,0.0009812347115444806,-0.0009812347115444806
Verifying dependency integrity,Linking CXX executable,0.00424475358694655,0.00424475358694655,0.0013588736122575199
Verifying git tag signature,Linking CXX executable,-0.0016023665682229089,0.0016023665682229089,-0.0003155111134851347
Verifying service health checks,Linking CXX executable,0.0023082062544387107,0.0023082062544387107,0.0023082062544387107
WARN retrying connection to mirror (attempt 3/5),Linking CXX executable,-0.0022839901162044086,0.0022839901162044086,-0.0012431000975614338
dmesg: CPU soft lockup detected on core 3,Linking CXX executable,-0.0009259829194552763,0.0009259829194552763,-0.0006259259344581092
gc: collecting generation 2 ... done,Linking CXX executable,0.001062933081323769,0.001062933081323769,0.001062933081323769
java.lang.NullPointerException at com.example.Main:142,Linking CXX executable,0.0008801271865862503,0.0008801271865862503,0.0008801271865862503
Analyzing historical trends,Merging pull request,0.0017745964253814556,0.0017745964253814556,0.0017745964253814556
Checking disk space,Merging pull request,0.0028815573199029634,0.0028815573199029634,0.0028815573199029634
###### random boundary #####,Migrating database schema,0.0081683316790316,0.0081683316790316,0.0081683316790316
Analyzing CPU usage,Migrating database schema,0.43915497642220386,0.43915497642220386,0.43915497642220386
Analyzing historical trends,Migrating database schema,0.043939797450106934,0.043939797450106934,0.01245033616625401
Analyzing static code,Migrating database schema,0.01731416097831411,0.01731416097831411,0.01731416097831411
Archiving build artifacts,Migrating database schema,-0.044689118830198736,0.044689118830198736,-0.04406372386837129
Backing up database,Migrating database schema,0.007160160581290976,0.007160160581290976,0.007160160581290976
Building CXX object,Migrating database schema,0.010069252299987303,0.010069252299987303,0.010069252299987303
Building Java classes,Migrating database schema,0.006562561641120138,0.006562561641120138,0.006562561641120138
Checking available memory,Migrating database schema,0.004521891143962654,0.004521891143962654,0.004521891143962654
Checking code style,Migrating database schema,-0.028789623078490825,0.028789623078490825,-0.028789623078490825
Checking database connectivity,Migrating database schema,0.006408763035901575,0.006408763035901575,0.006408763035901575
Checking disk space,Migrating database schema,0.012649120032496911,0.012649120032496911,0.012649120032496911
Checking out branch,Migrating database schema,-0.026037967474860695,0.026037967474860695,-0.021288532905633747
Cleaning Docker cache,Migrating database schema,0.0003198430174687414,0.0003198430174687414,0.0003198430174687414
Cloning repository,Migrating database schema,0.005851692804137292,0.005851692804137292,0.005851692804137292
Compiling TypeScript files,Migrating database schema,0.026256935988655233,0.026256935988655233,0.0024809483121378713
Compressing log files,Migrating database schema,0.00932799015688027,0.00932799015688027,0.0082404939856623
Configuring build environment,Migrating database schema,-0.012932801615308956,0.012932801615308956,-0.012932801615308956
Converting markdown to HTML,Migrating database schema,0.0034009418731188856,0.0034009418731188856,0.0034009418731188856
Creating Jira ticket,Migrating database schema,0.002777822289655321,0.002777822289655321,0.002777822289655321
Creating git tag,Migrating database schema,0.02213172350224942,0.02213172350224942,0.02213172350224942
Creating new pipeline configuration,Migrating database schema,-0.032598584674542276,0.032598584674542276,-0.024218272544314697
Creating release notes,Migrating database schema,0.004815467026528929,0.004815467026528929,0.004815467026528929
Creating version header,Migrating database schema,0.024614898950580357,0.024614898950580357,0.0060725069446976344
Decrypting configuration files,Migrating database schema,0.00010684074807097508,0.00010684074807097508,0.00010684074807097508
Dependency chain resolved,Migrating database schema,-0.01934516709155901,0.01934516709155901,-0.010240367199317344
Deploying Helm charts,Migrating database schema,0.0028751369344980184,0.0028751369344980184,0.0028751369344980184
Deploying to production,Migrating database schema,0.006648926455113599,0.006648926455113599,0.006648926455113599
Deploying to staging environment,Migrating database schema,-0.024871297566052962,0.024871297566052962,-0.001756892206230383
Deprecated function used,Migrating database schema,0.0016721501870411075,0.0016721501870411075,0.0016721501870411075
Encrypting artifacts,Migrating database schema,0.017260666796654847,0.017260666796654847,0.017260666796654847
Entering compilation loop,Migrating database schema,0.007995925802265774,0.007995925802265774,0.007995925802265774
Finalizing CI job,Migrating database schema,-0.001469019576274396,0.001469019576274396,-0.001469019576274396
Formatting source code,Migrating database schema,-0.000934433214224122,0.000934433214224122,-0.000934433214224122
Generating code coverage report,Migrating database schema,-0.002102330260758581,0.002102330260758581,-0.002102330260758581
Generating documentation with Doxygen,Migrating database schema,0.021337205544408197,0.021337205544408197,0.02027381902520916
Generating system diagnostics,Migrating database schema,-0.0015397564725992165,0.0015397564725992165,-0.0005378803716331671
Installing dependencies,Migrating database schema,0.004306336930653583,0.004306336930653583,0.004306336930653583
Linker returned non-zero exit code,Migrating database schema,-0.00985416704537071,0.00985416704537071,-0.00985416704537071
Linking CXX executable,Migrating database schema,0.009232872333499181,0.009232872333499181,0.002814730981401191
Linking shared libraries,Migrating database schema,-0.00019784935282088307,0.00019784935282088307,-0.00019784935282088307
Logging build statistics,Migrating database schema,0.0006666389262142556,0.0006666389262142556,0.00023406497351251057
Logging health status,Migrating database schema,0.03383717384117174,0.03383717384117174,0.03383717384117174
Measuring memory usage,Migrating database schema,0.00478899263306072,0.00478899263306072,0.00478899263306072
Merging pull request,Migrating database schema,0.0029499405342796993,0.0029499405342796993,0.002852195006276383
Monitoring build agents,Migrating database schema,0.008436563084871349,0.008436563084871349,0.008436563084871349
Notifying release manager,Migrating database schema,-0.003900399053024554,0.003900399053024554,-0.003900399053024554
Optimizing assets,Migrating database schema,0.0003914440035970765,0.0003914440035970765,0.0003914440035970765
Patching vulnerabilities,Migrating database schema,-0.001445755341822035,0.001445755341822035,-0.001219727208225314
Publishing artifacts to repository,Migrating database schema,-0.0024548121341732843,0.0024548121341732843,-0.0009596479356025534
Publishing site,Migrating database schema,-0.003590250599376064,0.003590250599376064,-0.003590250599376064
Pulling Docker base image,Migrating database schema,-0.00029804008756869737,0.00029804008756869737,-0.00029804008756869737
Pushing Docker image,Migrating database schema,0.0013132111511708136,0.0013132111511708136,0.0013132111511708136
Pushing changes to remote,Migrating database schema,0.0006357814324971116,0.0006357814324971116,0.0006357814324971116
Rebalancing workloads,Migrating database schema,-0.0014875569495091296,0.0014875569495091296,-0.0014875569495091296
Rebasing branch,Migrating database schema,-0.0007113674110135434,0.0007113674110135434,-0.0007113674110135434
Rebooting build server,Migrating database schema,0.0022114423996053116,0.0022114423996053116,0.0005704887745039079
Reporting test results,Migrating database schema,2.9109928068469987e-05,2.9109928068469987e-05,2.9109928068469987e-05
Restarting database service,Migrating database schema,0.0003077153868965767,0.0003077153868965767,0.0003077153868965767
Restarting failed containers,Migrating database schema,-0.0020585677021599134,0.0020585677021599134,-0.0020585677021599134
Restoring database,Migrating database schema,-0.002287953267798125,0.002287953267798125,-0.002287953267798125
Reviewing dependencies,Migrating database schema,-0.0019555063017448904,0.0019555063017448904,-0.0019555063017448904
Running integration tests,Migrating database schema,0.0008664652909112002,0.0008664652909112002,0.0008664652909112002
Running linter checks,Migrating database schema,0.0020559968034167984,0.0020559968034167984,0.0020559968034167984
Running performance tests,Migrating database schema,-0.000640359607170896,0.000640359607170896,-0.000640359607170896
Running regression tests,Migrating database schema,-0.0029459174082603757,0.0029459174082603757,-0.0002471044865749733
Running security scan,Migrating database schema,0.0005309674556876943,0.0005309674556876943,0.0005309674556876943
Running smoke tests,Migrating database schema,-0.0029935263683899607,0.0029935263683899607,-0.0016281907039764005
Running unit tests,Migrating database schema,-0.003148824007127987,0.003148824007127987,-0.0010949776539365896
Scanning for secrets in code,Migrating database schema,-0.0003430517304460552,0.0003430517304460552,-0.0003430517304460552
Seeding database,Migrating database schema,0.000620404966553558,0.000620404966553558,0.000620404966553558
Sending Slack notification,Migrating database schema,0.0019108846574441122,0.0019108846574441122,0.0019108846574441122
Sending report via email,Migrating database schema,-0.0019295398840512307,0.0019295398840512307,-0.0006667984498863621
Signing release packages,Migrating database schema,-0.00946059099497608,0.00946059099497608,-0.009430386872196822
Starting CI job,Migrating database schema,-7.054045947406268e-05,7.054045947406268e-05,-7.054045947406268e-05
Syncing mirrors,Migrating database schema,-0.0012724512034477113,0.0012724512034477113,-0.0012724512034477113
Syncing with GitHub,Migrating database schema,0.007956102209302275,0.007956102209302275,0.007956102209302275
"TRACE socket recv timeout, backing off 200ms",Migrating database schema,0.0036140443204651963,0.0036140443204651963,0.0007136337644172439
Triggering downstream jobs,Migrating database schema,0.0006332639321122559,0.0006332639321122559,0.00023723876130012008
Triggering webhook,Migrating database schema,0.003996540479083448,0.003996540479083448,0.0007641847898283336
Uploading logs to S3,Migrating database schema,0.00169149821536032,0.00169149821536032,0.0013618123886410577
Validating Kubernetes manifests,Migrating database schema,-0.00015978308558932023,0.00015978308558932023,-0.00015978308558932023
Validating deployment,Migrating database schema,-0.0002711486819378254,0.0002711486819378254,-0.0002711486819378254
Verifying checksums,Migrating database schema,-0.0027518341946120785,0.0027518341946120785,-0.0027518341946120785
Verifying dependency integrity,Migrating database schema,0.00046950023924302294,0.00046950023924302294,0.00046950023924302294
Verifying digital signatures,Migrating database schema,-0.0018098125211504802,0.0018098125211504802,-0.0018098125211504802
Verifying git tag signature,Migrating database schema,0.001594397545738729,0.001594397545738729,0.001594397545738729
Verifying service health checks,Migrating database schema,-0.0008090141479571246,0.0008090141479571246,-0.0008090141479571246
^[[0;31mANSI color spill^[[0m,Migrating database schema,-0.0006435061736111516,0.0006435061736111516,-0.0006435061736111516
dmesg: CPU soft lockup detected on core 3,Migrating database schema,0.0006148973025584661,0.0006148973025584661,0.0006148973025584661
gc: collecting generation 2 ... done,Migrating database schema,0.00016773044816071356,0.00016773044816071356,0.00016773044816071356
java.lang.NullPointerException at com.example.Main:142,Migrating database schema,0.0033139291171525847,0.0033139291171525847,0.0033139291171525847
Checking database connectivity,Notifying release manager,0.32732317889398727,0.32732317889398727,0.32732317889398727
Decrypting configuration files,Notifying release manager,4.759419159356723e-05,4.759419159356723e-05,4.759419159356723e-05
Rebuilding failed jobs,Notifying release manager,0.3358738915097707,0.3358738915097707,0.3358738915097707
Running regression tests,Notifying release manager,0.0017162518803464878,0.0017162518803464878,0.0017162518803464878
Seeding database,Notifying release manager,-0.0008169295493709287,0.0008169295493709287,-0.0008169295493709287
Syncing mirrors,Notifying release manager,-0.0025293785108781927,0.0025293785108781927,-0.0025293785108781927
"TRACE socket recv timeout, backing off 200ms",Notifying release manager,0.0026763896132836764,0.0026763896132836764,0.0026763896132836764
Tracking build metrics,Notifying release manager,0.0020829871969107647,0.0020829871969107647,0.0020829871969107647
Uploading crash reports,Notifying release manager,0.0021492022848952417,0.0021492022848952417,0.0021492022848952417
Verifying checksums,Notifying release manager,0.0015241939455472998,0.0015241939455472998,0.0015241939455472998
Verifying dependency integrity,Notifying release manager,0.00190247773126862,0.00190247773126862,0.00190247773126862
Verifying git tag signature,Notifying release manager,-0.00017454963739767923,0.00017454963739767923,-0.00017454963739767923
WARN retrying connection to mirror (attempt 3/5),Notifying release manager,-0.00031386970453650584,0.00031386970453650584,-0.00031386970453650584
^[[0;31mANSI color spill^[[0m,Notifying release manager,0.0020076046314337296,0.0020076046314337296,0.0020076046314337296
###### random boundary #####,Out of memory during linking stage,0.042578464217494,0.042578464217494,0.042578464217494
Analyzing CPU usage,Out of memory during linking stage,-0.014536114472560827,0.014536114472560827,-0.007598629802169396
Analyzing historical trends,Out of memory during linking stage,-0.020555808921981347,0.020555808921981347,-0.003383753610533847
Analyzing static code,Out of memory during linking stage,0.006929693255930994,0.006929693255930994,0.006929693255930994
Archiving build artifacts,Out of memory during linking stage,-0.026033648531957485,0.026033648531957485,-0.026033648531957485
Backing up database,Out of memory during linking stage,0.0031518932645681077,0.0031518932645681077,0.0031518932645681077
Checking available memory,Out of memory during linking stage,0.0550062022434568,0.0550062022434568,0.0550062022434568
Checking code style,Out of memory during linking stage,0.05437671448754548,0.05437671448754548,0.027124072736078975
Checking database connectivity,Out of memory during linking stage,0.0430416314995153,0.0430416314995153,0.0430416314995153
Checking disk space,Out of memory during linking stage,0.004979146085435055,0.004979146085435055,0.004979146085435055
Checking out branch,Out of memory during linking stage,0.056700413514804295,0.056700413514804295,0.029407382894995997
Cleaning Docker cache,Out of memory during linking stage,0.0054670607410934775,0.0054670607410934775,0.0011953191817880965
Compiling TypeScript files,Out of memory during linking stage,-0.0020808716421000365,0.0020808716421000365,-0.0020808716421000365
Compressing log files,Out of memory during linking stage,0.003020852196448775,0.003020852196448775,0.003020852196448775
Configuring build environment,Out of memory during linking stage,-0.007997143112950708,0.007997143112950708,-0.005842241836486206
Creating Jira ticket,Out of memory during linking stage,0.002616887597457396,0.002616887597457396,0.002616887597457396
Creating git tag,Out of memory during linking stage,0.0001653357381372784,0.0001653357381372784,0.0001653357381372784
Creating new pipeline configuration,Out of memory during linking stage,-0.016003531250711717,0.016003531250711717,-0.013195041230517388
Creating release notes,Out of memory during linking stage,0.005890361173686838,0.005890361173686838,0.005890361173686838
Creating version header,Out of memory during linking stage,-0.00668541897016104,0.00668541897016104,-0.0048584155684166935
Decrypting configuration files,Out of memory during linking stage,0.0036093007151981192,0.0036093007151981192,0.0036093007151981192
Dependency chain resolved,Out of memory during linking stage,-0.009879193323772614,0.009879193323772614,-0.004934086394076426
Deploying Helm charts,Out of memory during linking stage,0.04418793913305127,0.04418793913305127,0.04418793913305127
Deploying to production,Out of memory during linking stage,0.003967664580416555,0.003967664580416555,0.003967664580416555
Deploying to staging environment,Out of memory during linking stage,0.016878465909651433,0.016878465909651433,0.002982648251783249
Deprecated function used,Out of memory during linking stage,0.0013963354110267945,0.0013963354110267945,0.0013963354110267945
Encrypting artifacts,Out of memory during linking stage,0.005692434704096713,0.005692434704096713,0.005692434704096713
Entering compilation loop,Out of memory during linking stage,0.048402135586709055,0.048402135586709055,0.048402135586709055
Finalizing CI job,Out of memory during linking stage,0.1251218867901039,0.1251218867901039,0.1251218867901039
Formatting source code,Out of memory during linking stage,0.04464271793667844,0.04464271793667844,0.040887453393232964
Generating documentation with Doxygen,Out of memory during linking stage,0.011199285019812117,0.011199285019812117,0.011199285019812117
Generating system diagnostics,Out of memory during linking stage,-0.00023401250037209366,0.00023401250037209366,-0.00023401250037209366
Installing dependencies,Out of memory during linking stage,0.0015801822309248637,0.0015801822309248637,0.0006832904333616816
Linker returned non-zero exit code,Out of memory during linking stage,-0.005210044784127003,0.005210044784127003,-0.005210044784127003
Linking CXX executable,Out of memory during linking stage,0.003222770503255434,0.003222770503255434,0.003222770503255434
Linking shared libraries,Out of memory during linking stage,-0.0005319043290527666,0.0005319043290527666,-0.0005319043290527666
Logging build statistics,Out of memory during linking stage,-0.0032179898790415155,0.0032179898790415155,-0.0032179898790415155
Logging health status,Out of memory during linking stage,0.005950662057238873,0.005950662057238873,0.005950662057238873
Measuring memory usage,Out of memory during linking stage,-0.010421047972133344,0.010421047972133344,-0.010421047972133344
Merging pull request,Out of memory during linking stage,0.0060442243203275015,0.0060442243203275015,0.0060442243203275015
Migrating database schema,Out of memory during linking stage,0.0032027469853685296,0.0032027469853685296,0.0032027469853685296
Monitoring build agents,Out of memory during linking stage,0.004222600256795462,0.004222600256795462,0.002828344572889874
Optimizing assets,Out of memory during linking stage,-0.000749987009268272,0.000749987009268272,-0.000749987009268272
Patching vulnerabilities,Out of memory during linking stage,0.00444595685679623,0.00444595685679623,0.00444595685679623
Publishing artifacts to repository,Out of memory during linking stage,-0.00013681843352239024,0.00013681843352239024,-0.00013681843352239024
Pushing changes to remote,Out of memory during linking stage,0.0010894541861740403,0.0010894541861740403,6.154357159878019e-05
Rebalancing workloads,Out of memory during linking stage,0.004265875883481526,0.004265875883481526,0.0031453014736810255
Rebasing branch,Out of memory during linking stage,0.0009852650721091092,0.0009852650721091092,0.0009852650721091092
Rebooting build server,Out of memory during linking stage,0.0011190884528114787,0.0011190884528114787,3.335595576640406e-05
Rebuilding failed jobs,Out of memory during linking stage,-0.0003858357151311144,0.0003858357151311144,-0.0003858357151311144
Restarting database service,Out of memory during linking stage,0.0009659410164109023,0.0009659410164109023,0.00011223028513818954
Restarting failed containers,Out of memory during linking stage,-0.00039755900150608743,0.00039755900150608743,-0.00039755900150608743
Restoring database,Out of memory during linking stage,-0.00016411631620950176,0.00016411631620950176,-0.00016411631620950176
Reviewing dependencies,Out of memory during linking stage,-0.0010059157729950159,0.0010059157729950159,-0.0010059157729950159
Running integration tests,Out of memory during linking stage,-0.007893501437698583,0.007893501437698583,-0.007893501437698583
Running linter checks,Out of memory during linking stage,0.0063056370140169874,0.0063056370140169874,0.003834487606744981
Running performance tests,Out of memory during linking stage,-0.001026524262266152,0.001026524262266152,-0.001026524262266152
Running regression tests,Out of memory during linking stage,-0.0008479434100264643,0.0008479434100264643,-0.0005911855792900937
Running smoke tests,Out of memory during linking stage,0.00013482960911955598,0.00013482960911955598,0.00013482960911955598
Running unit tests,Out of memory during linking stage,0.0005094020286682403,0.0005094020286682403,0.0005094020286682403
Scanning for secrets in code,Out of memory during linking stage,-0.0006432798281034948,0.0006432798281034948,-0.0006250456444587485
Seeding database,Out of memory during linking stage,0.0008624822496118223,0.0008624822496118223,0.0008624822496118223
Sending Slack notification,Out of memory during linking stage,0.00038112696732112714,0.00038112696732112714,0.00038112696732112714
Sending report via email,Out of memory during linking stage,-0.003077126916230924,0.003077126916230924,-0.003077126916230924
Signing release packages,Out of memory during linking stage,-0.005226707902269765,0.005226707902269765,-0.0015925402512223454
Starting CI job,Out of memory during linking stage,-0.0009989789953948934,0.0009989789953948934,-0.0009989789953948934
Syncing mirrors,Out of memory during linking stage,-0.0004611880587399234,0.0004611880587399234,-0.0004611880587399234
Syncing with GitHub,Out of memory during linking stage,0.0009390850651312555,0.0009390850651312555,0.0009390850651312555
"TRACE socket recv timeout, backing off 200ms",Out of memory during linking stage,0.0017544070372142514,0.0017544070372142514,0.0017544070372142514
Tracking build metrics,Out of memory during linking stage,-0.0009595291758196699,0.0009595291758196699,-0.0009595291758196699
Triggering downstream jobs,Out of memory during linking stage,-0.001960353450326764,0.001960353450326764,-0.001960353450326764
Triggering webhook,Out of memory during linking stage,0.004304410082460307,0.004304410082460307,0.004304410082460307
Uploading crash reports,Out of memory during linking stage,0.00045660142067285175,0.00045660142067285175,0.00045660142067285175
Uploading sourcemaps,Out of memory during linking stage,-0.00045655670901517643,0.00045655670901517643,-0.00045655670901517643
Validating Kubernetes manifests,Out of memory during linking stage,0.0057164697224686084,0.0057164697224686084,0.0057164697224686084
Validating deployment,Out of memory during linking stage,-0.0007850027554415752,0.0007850027554415752,-0.0007850027554415752
Verifying dependency integrity,Out of memory during linking stage,0.0035258319895858903,0.0035258319895858903,0.0012247619221639962
Verifying digital signatures,Out of memory during linking stage,0.0038624200990049077,0.0038624200990049077,0.0038624200990049077
Verifying service health checks,Out of memory during linking stage,-0.0001254904884032699,0.0001254904884032699,-0.0001254904884032699
^[[0;31mANSI color spill^[[0m,Out of memory during linking stage,0.0027854275222300487,0.0027854275222300487,0.0027854275222300487
dmesg: CPU soft lockup detected on core 3,Out of memory during linking stage,0.0003000685404992448,0.0003000685404992448,0.0003000685404992448
gc: collecting generation 2 ... done,Out of memory during linking stage,-0.004622232104267304,0.004622232104267304,-0.004622232104267304
java.lang.NullPointerException at com.example.Main:142,Out of memory during linking stage,-0.008574422121006908,0.008574422121006908,-0.008574422121006908
###### random boundary #####,Publishing site,0.002573685915011221,0.002573685915011221,0.002573685915011221
Analyzing CPU usage,Publishing site,-0.032093630224020495,0.032093630224020495,-0.019892113617049748
Analyzing historical trends,Publishing site,0.0629158059775092,0.0629158059775092,0.025088758990895337
Analyzing static code,Publishing site,0.01870053760923731,0.01870053760923731,0.01870053760923731
Archiving build artifacts,Publishing site,-0.05494465048442436,0.05494465048442436,-0.05494465048442436
Backing up database,Publishing site,0.0023980796659396034,0.0023980796659396034,0.0023980796659396034
Building CXX object,Publishing site,0.004711334825793752,0.004711334825793752,0.004711334825793752
Building Java classes,Publishing site,0.014428806959337608,0.014428806959337608,0.014428806959337608
Checking available memory,Publishing site,0.00889041545332152,0.00889041545332152,0.007433941772387979
Checking code style,Publishing site,-0.037795805788867584,0.037795805788867584,-0.037795805788867584
Checking database connectivity,Publishing site,0.007929994370472728,0.007929994370472728,0.007929994370472728
Checking disk space,Publishing site,0.00947311410094858,0.00947311410094858,0.00947311410094858
Checking out branch,Publishing site,-0.023739061878863932,0.023739061878863932,-0.023739061878863932
Cleaning Docker cache,Publishing site,0.0007145055576462645,0.0007145055576462645,0.0007145055576462645
Cloning repository,Publishing site,0.020554394169091456,0.020554394169091456,0.020554394169091456
Compiling TypeScript files,Publishing site,-0.03132297525411054,0.03132297525411054,-3.1243868760105764e-06
Compressing log files,Publishing site,0.007018818004485639,0.007018818004485639,0.007018818004485639
Configuring build environment,Publishing site,-0.02261361802929149,0.02261361802929149,-0.011106271980703058
Converting markdown to HTML,Publishing site,0.006341784463266709,0.006341784463266709,0.006341784463266709
Creating Jira ticket,Publishing site,0.016114991801500216,0.016114991801500216,0.016114991801500216
Creating git tag,Publishing site,0.0253136189182525,0.0253136189182525,0.0253136189182525
Creating new pipeline configuration,Publishing site,-0.03949208391847951,0.03949208391847951,-0.03912485881835347
Creating release notes,Publishing site,0.01603669125217945,0.01603669125217945,0.01603669125217945
Creating version header,Publishing site,0.0311583552158832,0.0311583552158832,0.009531699798934312
Decrypting configuration files,Publishing site,-0.0030555326669070453,0.0030555326669070453,-0.0014200890378134076
Dependency chain resolved,Publishing site,-0.02160919139838411,0.02160919139838411,-0.0172601435698108
Deploying Helm charts,Publishing site,0.004362054922714151,0.004362054922714151,0.004362054922714151
Deploying to production,Publishing site,0.0075330544484609584,0.0075330544484609584,0.0075330544484609584
Deploying to staging environment,Publishing site,0.034417925895406314,0.034417925895406314,0.0037719220024495983
Deprecated function used,Publishing site,0.01594931421903905,0.01594931421903905,0.01594931421903905
Encrypting artifacts,Publishing site,0.010094458393423971,0.010094458393423971,0.010094458393423971
Entering compilation loop,Publishing site,0.005414571109541149,0.005414571109541149,0.0010429677897409594
Finalizing CI job,Publishing site,0.0026588491402554206,0.0026588491402554206,0.002623113360910481
Formatting source code,Publishing site,0.004787941113190345,0.004787941113190345,0.0005956290088661791
Generating code coverage report,Publishing site,0.00044189568397446776,0.00044189568397446776,0.00044189568397446776
Generating documentation with Doxygen,Publishing site,0.03516796291083193,0.03516796291083193,0.03516796291083193
Generating system diagnostics,Publishing site,-0.000909780552812738,0.000909780552812738,-0.000909780552812738
Linker returned non-zero exit code,Publishing site,-0.012390209199145543,0.012390209199145543,-0.012390209199145543
Linking CXX executable,Publishing site,0.014057110167130668,0.014057110167130668,0.013549692850860554
Linking shared libraries,Publishing site,-0.0008320713769500825,0.0008320713769500825,-0.0008320713769500825
Logging build statistics,Publishing site,0.0013434398839842427,0.0013434398839842427,0.0007991762493710105
Logging health status,Publishing site,0.04959315355840663,0.04959315355840663,0.04959315355840663
Measuring memory usage,Publishing site,0.005439128912879793,0.005439128912879793,0.005439128912879793
Merging pull request,Publishing site,-0.0005113023876555531,0.0005113023876555531,-0.0005113023876555531
Migrating database schema,Publishing site,-0.00020139946385687576,0.00020139946385687576,-0.00020139946385687576
Monitoring build agents,Publishing site,0.01747212733240576,0.01747212733240576,0.01747212733240576
Notifying release manager,Publishing site,0.003128782056101829,0.003128782056101829,0.003128782056101829
Out of memory during linking stage,Publishing site,-0.0003312221360544326,0.0003312221360544326,-0.0003312221360544326
Patching vulnerabilities,Publishing site,0.01339629155224846,0.01339629155224846,0.01023696795353191
Publishing artifacts to repository,Publishing site,-0.0003550980900929489,0.0003550980900929489,-0.0003550980900929489
Pulling Docker base image,Publishing site,-0.00027640155944007777,0.00027640155944007777,-0.00027640155944007777
Pushing Docker image,Publishing site,-0.0015783733192038644,0.0015783733192038644,-0.0015783733192038644
Pushing changes to remote,Publishing site,0.0001028160437752825,0.0001028160437752825,0.0001028160437752825
Rebalancing workloads,Publishing site,-0.0010811755789539512,0.0010811755789539512,-0.000670799517456919
Rebasing branch,Publishing site,0.0013838656409924214,0.0013838656409924214,0.0013838656409924214
Rebooting build server,Publishing site,0.002140514474096228,0.002140514474096228,0.0014475469076956876
Rebuilding failed jobs,Publishing site,-0.00026793933330583467,0.00026793933330583467,-0.00026793933330583467
Reporting test results,Publishing site,0.0006799210796593076,0.0006799210796593076,0.0006799210796593076
Restarting database service,Publishing site,-0.00042592777302952233,0.00042592777302952233,-0.00042592777302952233
Restoring database,Publishing site,-0.00041491961896110516,0.00041491961896110516,-0.00041491961896110516
Reviewing dependencies,Publishing site,-0.0004270203802922988,0.0004270203802922988,-0.0004270203802922988
Running linter checks,Publishing site,0.004815411829819344,0.004815411829819344,0.0032481248217676555
Running performance tests,Publishing site,-0.0018692310328134343,0.0018692310328134343,-0.001443134736043508
Running regression tests,Publishing site,0.003197425287973685,0.003197425287973685,0.003197425287973685
Running security scan,Publishing site,-0.0018589536228161819,0.0018589536228161819,-0.0016234287904345079
Running smoke tests,Publishing site,-0.0014129541730757158,0.0014129541730757158,-0.0014129541730757158
Running unit tests,Publishing site,0.00045858299288422885,0.00045858299288422885,0.00045858299288422885
Scanning for secrets in code,Publishing site,-0.0009587353094430811,0.0009587353094430811,-0.0009587353094430811
Seeding database,Publishing site,0.0008124702942158504,0.0008124702942158504,0.0008124702942158504
Sending Slack notification,Publishing site,-0.0015898883696916677,0.0015898883696916677,-3.589345136837226e-05
Sending report via email,Publishing site,-0.0020181589435024527,0.0020181589435024527,-0.0007936476855479493
Signing release packages,Publishing site,-0.017215145153273874,0.017215145153273874,-0.01514314026990981
Starting CI job,Publishing site,0.008607290597931324,0.008607290597931324,0.008607290597931324
Syncing mirrors,Publishing site,-0.003918475140027521,0.003918475140027521,-0.00010795910547575674
Syncing with GitHub,Publishing site,-0.0011778851062315707,0.0011778851062315707,-0.0008973112151222388
"TRACE socket recv timeout, backing off 200ms",Publishing site,0.0013904181990461082,0.0013904181990461082,0.0007717408382640205
Tagging Docker image,Publishing site,0.0005720595795689624,0.0005720595795689624,0.0005720595795689624
Tracking build metrics,Publishing site,7.829948373785747e-05,7.829948373785747e-05,7.829948373785747e-05
Triggering downstream jobs,Publishing site,-0.0018768352795743865,0.0018768352795743865,-0.0018768352795743865
Uploading crash reports,Publishing site,0.002888791582761409,0.002888791582761409,0.002888791582761409
Uploading logs to S3,Publishing site,0.001914375519385938,0.001914375519385938,0.001914375519385938
Uploading sourcemaps,Publishing site,-0.0008463319240048334,0.0008463319240048334,-0.0008463319240048334
Validating Kubernetes manifests,Publishing site,-0.0020640310419184644,0.0020640310419184644,-0.0020640310419184644
Validating deployment,Publishing site,-0.0010989686085694857,0.0010989686085694857,-0.0010989686085694857
Verifying dependency integrity,Publishing site,-0.0008403343911959392,0.0008403343911959392,-0.0008403343911959392
Verifying digital signatures,Publishing site,-0.001979009926848243,0.001979009926848243,-0.001979009926848243
Verifying git tag signature,Publishing site,0.001173962404104472,0.001173962404104472,0.001173962404104472
Verifying service health checks,Publishing site,-0.001321948253657563,0.001321948253657563,-0.0005004410522777506
WARN retrying connection to mirror (attempt 3/5),Publishing site,0.0032706288953625678,0.0032706288953625678,0.0019529493340877829
dmesg: CPU soft lockup detected on core 3,Publishing site,-0.000567595497664115,0.000567595497664115,-0.000567595497664115
gc: collecting generation 2 ... done,Publishing site,0.005256157299405807,0.005256157299405807,0.005256157299405807
java.lang.NullPointerException at com.example.Main:142,Publishing site,0.01161597446706775,0.01161597446706775,0.01161597446706775
Analyzing historical trends,Pushing changes to remote,0.0034624925276744377,0.0034624925276744377,0.0034624925276744377
Creating version header,Pushing changes to remote,0.003264009565973523,0.003264009565973523,0.003264009565973523
Seeding database,Pushing changes to remote,0.003594863326740359,0.003594863326740359,0.003594863326740359
Validating deployment,Pushing changes to remote,0.0037313220732058663,0.0037313220732058663,0.0037313220732058663
Configuring build environment,Rebooting build server,0.012063938216091037,0.012063938216091037,0.012063938216091037
Converting markdown to HTML,Rebooting build server,0.0048590129906220265,0.0048590129906220265,0.0048590129906220265
Analyzing historical trends,Rebuilding failed jobs,0.005014529512689846,0.005014529512689846,0.005014529512689846
Encrypting artifacts,Rebuilding failed jobs,0.00046682462355655,0.00046682462355655,0.00046682462355655
Checking disk space,Reporting test results,0.6008533431912934,0.6008533431912934,0.6008533431912934
Rebasing branch,Reporting test results,0.08724708579546472,0.08724708579546472,0.08724708579546472
Running performance tests,Reporting test results,0.0021912820432550147,0.0021912820432550147,0.0021912820432550147
Running security scan,Reporting test results,0.003620500753661411,0.003620500753661411,0.002929769402404483
Seeding database,Reporting test results,0.0012438856757560595,0.0012438856757560595,0.0012438856757560595
Sending report via email,Reporting test results,-0.0005368624655795137,0.0005368624655795137,-0.0005368624655795137
Signing release packages,Reporting test results,0.00023555587645619408,0.00023555587645619408,0.00023555587645619408
Syncing mirrors,Reporting test results,-0.003090747217222281,0.003090747217222281,-0.003090747217222281
Syncing with GitHub,Reporting test results,-0.029087547843131948,0.029087547843131948,-0.029087547843131948
Tracking build metrics,Reporting test results,-0.0006709189079652421,0.0006709189079652421,-0.0006709189079652421
Verifying checksums,Reporting test results,0.001249832787504072,0.001249832787504072,0.001249832787504072
Verifying dependency integrity,Reporting test results,-0.00032883386559657044,0.00032883386559657044,-0.00032883386559657044
Verifying digital signatures,Reporting test results,0.0002503896245020177,0.0002503896245020177,0.0002503896245020177
dmesg: CPU soft lockup detected on core 3,Reporting test results,0.0004111542972558988,0.0004111542972558988,0.0004111542972558988
Analyzing historical trends,Restarting database service,0.007917896657184547,0.007917896657184547,0.007917896657184547
Generating documentation with Doxygen,Restarting database service,0.0045245644821757715,0.0045245644821757715,0.0045245644821757715
Analyzing CPU usage,Restoring database,0.6991492023507896,0.6991492023507896,0.6991492023507896
Publishing artifacts to repository,Restoring database,-0.0012486181158078982,0.0012486181158078982,-0.0012486181158078982
###### random boundary #####,Running integration tests,0.002887323500252805,0.002887323500252805,0.000905903699531399
Analyzing CPU usage,Running integration tests,-0.02279181728236597,0.02279181728236597,-0.019197118686636684
Analyzing historical trends,Running integration tests,0.04628221284243127,0.04628221284243127,0.010353914756676541
Analyzing static code,Running integration tests,0.019088752760646206,0.019088752760646206,0.019088752760646206
Archiving build artifacts,Running integration tests,-0.04449730417540522,0.04449730417540522,-0.04115255858311895
Backing up database,Running integration tests,0.012837629466608831,0.012837629466608831,0.012837629466608831
Building CXX object,Running integration tests,0.01133947283269764,0.01133947283269764,0.01133947283269764
Building Java classes,Running integration tests,0.010012286327926681,0.010012286327926681,0.010012286327926681
Checking available memory,Running integration tests,0.0019795459139725466,0.0019795459139725466,0.0013410460477748351
Checking code style,Running integration tests,0.9005447534703361,0.9005447534703361,0.8717121583462852
Checking database connectivity,Running integration tests,0.0075874363651901484,0.0075874363651901484,0.0075874363651901484
Checking disk space,Running integration tests,0.017904792136353324,0.017904792136353324,0.017904792136353324
Checking out branch,Running integration tests,-0.02163556592493756,0.02163556592493756,-0.021361433539752
Cleaning Docker cache,Running integration tests,0.003272906163505849,0.003272906163505849,0.003272906163505849
Cloning repository,Running integration tests,0.013152365469567525,0.013152365469567525,0.013152365469567525
Compiling TypeScript files,Running integration tests,-0.027074165421323862,0.027074165421323862,-0.0011424336214022803
Compressing log files,Running integration tests,0.0036541746954391555,0.0036541746954391555,0.003457420459016161
Configuring build environment,Running integration tests,-0.020986423781874517,0.020986423781874517,-0.00784239953914792
Converting markdown to HTML,Running integration tests,0.006261704885039527,0.006261704885039527,0.006261704885039527
Creating Jira ticket,Running integration tests,0.0057349150998532,0.0057349150998532,0.0057349150998532
Creating git tag,Running integration tests,0.008969321123069028,0.008969321123069028,0.008969321123069028
Creating new pipeline configuration,Running integration tests,-0.03397805670114332,0.03397805670114332,-0.031154945387592278
Creating release notes,Running integration tests,0.007771274984296921,0.007771274984296921,0.007771274984296921
Creating version header,Running integration tests,0.024461786041025776,0.024461786041025776,0.0040226412500472195
Decrypting configuration files,Running integration tests,0.003181821506302976,0.003181821506302976,0.003181821506302976
Dependency chain resolved,Running integration tests,-0.02162449100270694,0.02162449100270694,-0.0071686826298126855
Deploying Helm charts,Running integration tests,0.0026691932749140094,0.0026691932749140094,0.0026691932749140094
Deploying to production,Running integration tests,0.005658091349350598,0.005658091349350598,0.005658091349350598
Deploying to staging environment,Running integration tests,0.03348922083771185,0.03348922083771185,0.00685984481961672
Deprecated function used,Running integration tests,0.012154351610295872,0.012154351610295872,0.012154351610295872
Encrypting artifacts,Running integration tests,0.01744172335285726,0.01744172335285726,0.01744172335285726
Entering compilation loop,Running integration tests,0.007489652465814635,0.007489652465814635,0.0046020581909313124
Finalizing CI job,Running integration tests,-0.0024049162714058587,0.0024049162714058587,-0.0002907737996122072
Formatting source code,Running integration tests,-0.0012262548052408403,0.0012262548052408403,-0.0009418814570834558
Generating documentation with Doxygen,Running integration tests,0.026466722392070985,0.026466722392070985,0.026466722392070985
Generating system diagnostics,Running integration tests,0.001567405678691349,0.001567405678691349,0.0011024314660770002
Installing dependencies,Running integration tests,-0.0004018142251460426,0.0004018142251460426,-0.0004018142251460426
Linker returned non-zero exit code,Running integration tests,-0.01397080384626205,0.01397080384626205,-0.011284019286812889
Linking CXX executable,Running integration tests,0.014603873994179686,0.014603873994179686,0.013927099665330834
Linking shared libraries,Running integration tests,0.0027454679202248405,0.0027454679202248405,0.0027454679202248405
Logging build statistics,Running integration tests,0.0017719249880291162,0.0017719249880291162,0.0017719249880291162
Logging health status,Running integration tests,-0.6782584839362192,0.6782584839362192,-0.601782397567128
Measuring memory usage,Running integration tests,0.0014730228715453214,0.0014730228715453214,0.0014730228715453214
Merging pull request,Running integration tests,-0.0012222659412234602,0.0012222659412234602,-0.0012222659412234602
Migrating database schema,Running integration tests,-0.0003452943378503363,0.0003452943378503363,-0.0003452943378503363
Monitoring build agents,Running integration tests,0.011527003711368415,0.011527003711368415,0.011527003711368415
Optimizing assets,Running integration tests,-0.0006931185284184762,0.0006931185284184762,-0.0006931185284184762
Out of memory during linking stage,Running integration tests,0.002652585722007515,0.002652585722007515,0.00038330747135984595
Publishing artifacts to repository,Running integration tests,0.002195385207497246,0.002195385207497246,0.002195385207497246
Publishing site,Running integration tests,0.0024963388574093903,0.0024963388574093903,0.0024963388574093903
Pulling Docker base image,Running integration tests,0.0001804565974847494,0.0001804565974847494,0.0001804565974847494
Pushing Docker image,Running integration tests,-0.0004256808458263202,0.0004256808458263202,-0.00020397907275994718
Pushing changes to remote,Running integration tests,-0.007177756624087935,0.007177756624087935,-0.007177756624087935
Rebalancing workloads,Running integration tests,-0.0017759100962731343,0.0017759100962731343,-9.100639109447487e-05
Rebasing branch,Running integration tests,0.0018417512518461502,0.0018417512518461502,0.0013100874876210032
Rebooting build server,Running integration tests,0.0008559369091625707,0.0008559369091625707,0.0008559369091625707
Rebuilding failed jobs,Running integration tests,0.0006102606976709223,0.0006102606976709223,0.0006102606976709223
Restarting database service,Running integration tests,0.001257577990884806,0.001257577990884806,0.001257577990884806
Restoring database,Running integration tests,-0.0003825546849132545,0.0003825546849132545,-0.0003825546849132545
Reviewing dependencies,Running integration tests,0.00035218905068204606,0.00035218905068204606,0.00035218905068204606
Running linter checks,Running integration tests,-0.000878567294669235,0.000878567294669235,-0.00048732386176691587
Running performance tests,Running integration tests,0.000266787188638978,0.000266787188638978,0.000266787188638978
Running regression tests,Running integration tests,-0.0010949116268258831,0.0010949116268258831,-0.0010949116268258831
Running smoke tests,Running integration tests,0.002709065335308393,0.002709065335308393,0.002709065335308393
Running unit tests,Running integration tests,-0.001374138749208963,0.001374138749208963,-0.001374138749208963
Scanning for secrets in code,Running integration tests,0.0022723861382955507,0.0022723861382955507,0.0016567538197966771
Seeding database,Running integration tests,-0.0010151862302548507,0.0010151862302548507,-0.000802285719550736
Sending Slack notification,Running integration tests,-0.0018912300446096613,0.0018912300446096613,-0.0005437832853578249
Sending report via email,Running integration tests,0.00391398937711309,0.00391398937711309,0.00391398937711309
Signing release packages,Running integration tests,-0.021245332860427044,0.021245332860427044,-0.021245332860427044
Starting CI job,Running integration tests,0.0029578211732678456,0.0029578211732678456,0.002605119379062261
Syncing mirrors,Running integration tests,-0.0010434543584628478,0.0010434543584628478,-0.0010434543584628478
Syncing with GitHub,Running integration tests,-0.003960074272014268,0.003960074272014268,-0.0011658405133536233
"TRACE socket recv timeout, backing off 200ms",Running integration tests,-0.0020379480767169843,0.0020379480767169843,-0.0020379480767169843
Tagging Docker image,Running integration tests,3.151234257929727e-05,3.151234257929727e-05,3.151234257929727e-05
Tracking build metrics,Running integration tests,-0.002418118751176132,0.002418118751176132,-0.002418118751176132
Triggering downstream jobs,Running integration tests,-0.0016756828629161929,0.0016756828629161929,-0.0016756828629161929
Triggering webhook,Running integration tests,0.0001307983545886025,0.0001307983545886025,9.257329918754462e-05
Uploading crash reports,Running integration tests,-0.0021019710341166837,0.0021019710341166837,-0.0021019710341166837
Uploading sourcemaps,Running integration tests,0.0018059876428664235,0.0018059876428664235,0.0018059876428664235
Validating Kubernetes manifests,Running integration tests,0.0041861915461721445,0.0041861915461721445,0.0041861915461721445
Verifying checksums,Running integration tests,-0.001913235500411138,0.001913235500411138,-0.001913235500411138
Verifying digital signatures,Running integration tests,-0.00207614358881773,0.00207614358881773,-0.00207614358881773
Verifying git tag signature,Running integration tests,0.002866220789874154,0.002866220789874154,0.002866220789874154
Verifying service health checks,Running integration tests,-0.00023777854025377668,0.00023777854025377668,-0.00023777854025377668
WARN retrying connection to mirror (attempt 3/5),Running integration tests,0.0019481580336753034,0.0019481580336753034,0.0019481580336753034
^[[0;31mANSI color spill^[[0m,Running integration tests,0.0022574299155780284,0.0022574299155780284,0.0022574299155780284
dmesg: CPU soft lockup detected on core 3,Running integration tests,0.0018437168490423326,0.0018437168490423326,0.0016394975870924816
gc: collecting generation 2 ... done,Running integration tests,0.007664600869755667,0.007664600869755667,0.007664600869755667
java.lang.NullPointerException at com.example.Main:142,Running integration tests,-0.00075413518895171,0.00075413518895171,-0.0003730101350422774
Analyzing CPU usage,Running smoke tests,-0.0003838810846295829,0.0003838810846295829,-0.0003838810846295829
Analyzing historical trends,Running smoke tests,-0.001377846751353901,0.001377846751353901,-0.001377846751353901
Archiving build artifacts,Running smoke tests,-0.0017010734565943572,0.0017010734565943572,-0.0017010734565943572
Backing up database,Running smoke tests,0.0008727826383540084,0.0008727826383540084,0.0008727826383540084
Building CXX object,Running smoke tests,0.0015277211919900527,0.0015277211919900527,0.0015277211919900527
Checking database connectivity,Running smoke tests,0.0015301811520594775,0.0015301811520594775,0.0015301811520594775
Checking disk space,Running smoke tests,0.0010658065441296394,0.0010658065441296394,0.0010658065441296394
Checking out branch,Running smoke tests,0.0018847420566329254,0.0018847420566329254,0.0014537491300802051
Cleaning Docker cache,Running smoke tests,2.0573936135298346e-05,2.0573936135298346e-05,2.0573936135298346e-05
Creating new pipeline configuration,Running smoke tests,0.0009481562862529798,0.0009481562862529798,0.0009481562862529798
Creating version header,Running smoke tests,-0.023805895035462876,0.023805895035462876,-0.023805895035462876
Dependency chain resolved,Running smoke tests,-0.0006178671971021875,0.0006178671971021875,-0.0006178671971021875
Deploying to production,Running smoke tests,0.0021356507187350196,0.0021356507187350196,0.0021356507187350196
Deploying to staging environment,Running smoke tests,0.0013650804477607855,0.0013650804477607855,0.0013650804477607855
Deprecated function used,Running smoke tests,0.41998443837310073,0.41998443837310073,0.41998443837310073
Encrypting artifacts,Running smoke tests,0.0019478738229949317,0.0019478738229949317,0.0019478738229949317
Generating documentation with Doxygen,Running smoke tests,0.0025789292557945077,0.0025789292557945077,0.0016627567887536369
Linker returned non-zero exit code,Running smoke tests,0.001496573174102723,0.001496573174102723,0.001496573174102723
Logging health status,Running smoke tests,-0.004689815424691615,0.004689815424691615,-0.0023669149011281724
Migrating database schema,Running smoke tests,-2.780739730159896e-05,2.780739730159896e-05,-2.780739730159896e-05
Pushing changes to remote,Running smoke tests,0.30766260067267115,0.30766260067267115,0.30766260067267115
Rebalancing workloads,Running smoke tests,-0.001293564734937141,0.001293564734937141,-0.001293564734937141
Rebasing branch,Running smoke tests,0.0006691022587864269,0.0006691022587864269,0.0006691022587864269
Reporting test results,Running smoke tests,0.0003079788500752385,0.0003079788500752385,0.0003079788500752385
Restoring database,Running smoke tests,0.07379568984820825,0.07379568984820825,0.07379568984820825
Running performance tests,Running smoke tests,0.0019502915947803114,0.0019502915947803114,0.0019502915947803114
Running security scan,Running smoke tests,-0.00476639722959398,0.00476639722959398,-0.0018043241745046026
Running unit tests,Running smoke tests,0.007691232210672392,0.007691232210672392,0.00605539815181399
Scanning for secrets in code,Running smoke tests,0.00040439946272855437,0.00040439946272855437,0.00040439946272855437
Seeding database,Running smoke tests,0.0017071271174246277,0.0017071271174246277,0.0017071271174246277
Sending report via email,Running smoke tests,-0.15934914160306615,0.15934914160306615,-0.15695347612053587
Signing release packages,Running smoke tests,-0.15840527023464188,0.15840527023464188,-0.1581231055014122
Starting CI job,Running smoke tests,0.0032168285480346946,0.0032168285480346946,0.0032168285480346946
Syncing mirrors,Running smoke tests,0.002330790226403949,0.002330790226403949,0.002007043526278843
Syncing with GitHub,Running smoke tests,0.002071560860589153,0.002071560860589153,0.002071560860589153
"TRACE socket recv timeout, backing off 200ms",Running smoke tests,-0.002578680817373305,0.002578680817373305,-0.002578680817373305
Tagging Docker image,Running smoke tests,2.9018429367611347e-06,2.9018429367611347e-06,2.9018429367611347e-06
Tracking build metrics,Running smoke tests,0.006463252580928968,0.006463252580928968,0.006463252580928968
Triggering webhook,Running smoke tests,0.0014009016695124682,0.0014009016695124682,0.0014009016695124682
Uploading logs to S3,Running smoke tests,0.003437249460592485,0.003437249460592485,0.0016106811180201313
Validating Kubernetes manifests,Running smoke tests,-0.030090226271316946,0.030090226271316946,-0.030090226271316946
Validating deployment,Running smoke tests,0.0018390209606157606,0.0018390209606157606,0.0018390209606157606
Verifying checksums,Running smoke tests,-0.003106975418474017,0.003106975418474017,-0.003106975418474017
Verifying dependency integrity,Running smoke tests,-0.0035802432686717275,0.0035802432686717275,-0.0035802432686717275
Verifying digital signatures,Running smoke tests,0.0014948754377926967,0.0014948754377926967,0.0014948754377926967
Verifying git tag signature,Running smoke tests,0.0004226191292185274,0.0004226191292185274,0.00011171015153641306
Verifying service health checks,Running smoke tests,-0.0010116753814706152,0.0010116753814706152,-0.0010116753814706152
WARN retrying connection to mirror (attempt 3/5),Running smoke tests,0.0018143187870436905,0.0018143187870436905,0.0018143187870436905
^[[0;31mANSI color spill^[[0m,Running smoke tests,0.0043750194409312975,0.0043750194409312975,0.0043750194409312975
dmesg: CPU soft lockup detected on core 3,Running smoke tests,-0.0026521813034430094,0.0026521813034430094,-0.0016381165310709956
gc: collecting generation 2 ... done,Running smoke tests,0.0016154054044974903,0.0016154054044974903,0.0016154054044974903
java.lang.NullPointerException at com.example.Main:142,Running smoke tests,0.0013689396420555476,0.0013689396420555476,0.000460124350824485
###### random boundary #####,Running unit tests,0.007505870025105357,0.007505870025105357,0.007505870025105357
Analyzing CPU usage,Running unit tests,-0.030245782300584063,0.030245782300584063,-0.015321454417907604
Analyzing historical trends,Running unit tests,0.04355407954756499,0.04355407954756499,0.007760490577517718
Analyzing static code,Running unit tests,0.02005315104061811,0.02005315104061811,0.02005315104061811
Archiving build artifacts,Running unit tests,-0.0539594803460674,0.0539594803460674,-0.0539594803460674
Backing up database,Running unit tests,0.008946690945269899,0.008946690945269899,0.008946690945269899
Building CXX object,Running unit tests,0.004024847139893007,0.004024847139893007,0.004024847139893007
Building Java classes,Running unit tests,0.007891345140400623,0.007891345140400623,0.005339746009248698
Checking available memory,Running unit tests,0.010556848845946735,0.010556848845946735,0.010556848845946735
Checking code style,Running unit tests,-0.035718768308268076,0.035718768308268076,-0.035718768308268076
Checking database connectivity,Running unit tests,0.002970088891332859,0.002970088891332859,0.002943398920849504
Checking disk space,Running unit tests,0.017965821654929003,0.017965821654929003,0.017965821654929003
Checking out branch,Running unit tests,-0.030584743952771203,0.030584743952771203,-0.02410552785421607
Cleaning Docker cache,Running unit tests,0.3977139858928213,0.3977139858928213,0.3977139858928213
Cloning repository,Running unit tests,0.008277508118629203,0.008277508118629203,0.008277508118629203
Compiling TypeScript files,Running unit tests,0.034135987598054196,0.034135987598054196,0.004474080742770848
Compressing log files,Running unit tests,0.008023451341629876,0.008023451341629876,0.008023451341629876
Configuring build environment,Running unit tests,-0.017553286538549616,0.017553286538549616,-0.013978325625393454
Converting markdown to HTML,Running unit tests,0.0037916000406182336,0.0037916000406182336,0.0037916000406182336
Creating Jira ticket,Running unit tests,0.007921054817484213,0.007921054817484213,0.007921054817484213
Creating git tag,Running unit tests,0.019019265870790454,0.019019265870790454,0.019019265870790454
Creating new pipeline configuration,Running unit tests,-0.043708724967552334,0.043708724967552334,-0.031205965178602416
Creating release notes,Running unit tests,0.0050991864622873095,0.0050991864622873095,0.0050991864622873095
Creating version header,Running unit tests,-0.019065130947034405,0.019065130947034405,-0.0017879423648884465
Decrypting configuration files,Running unit tests,0.005188267986688618,0.005188267986688618,0.005188267986688618
Dependency chain resolved,Running unit tests,-0.023799249341025494,0.023799249341025494,-0.011261472239230089
Deploying Helm charts,Running unit tests,0.00879513074743345,0.00879513074743345,0.00879513074743345
Deploying to production,Running unit tests,0.013441440457873887,0.013441440457873887,0.013441440457873887
Deploying to staging environment,Running unit tests,0.0411093649191584,0.0411093649191584,0.010183303669326743
Deprecated function used,Running unit tests,0.009308296391845057,0.009308296391845057,0.009308296391845057
Encrypting artifacts,Running unit tests,0.015538231683341614,0.015538231683341614,0.015538231683341614
Entering compilation loop,Running unit tests,-0.002310113686313322,0.002310113686313322,-0.002310113686313322
Finalizing CI job,Running unit tests,-0.006047369461030152,0.006047369461030152,-7.827281486664584e-05
Formatting source code,Running unit tests,0.0040542275399689486,0.0040542275399689486,0.0022799101573008672
Generating code coverage report,Running unit tests,-0.0008988502468640446,0.0008988502468640446,-0.0008988502468640446
Generating documentation with Doxygen,Running unit tests,0.05374569151663989,0.05374569151663989,0.04942020465746066
Generating system diagnostics,Running unit tests,-0.0007267115566246036,0.0007267115566246036,-0.0007267115566246036
Installing dependencies,Running unit tests,0.0023558262698097805,0.0023558262698097805,0.0023558262698097805
Linker returned non-zero exit code,Running unit tests,-0.005291006149361225,0.005291006149361225,-0.005291006149361225
Linking CXX executable,Running unit tests,0.012710204333700518,0.012710204333700518,0.012305978683027175
Linking shared libraries,Running unit tests,-0.0013661084155580428,0.0013661084155580428,-0.0013661084155580428
Logging build statistics,Running unit tests,-0.0009310470606878373,0.0009310470606878373,-0.0009310470606878373
Logging health status,Running unit tests,0.04575833917105753,0.04575833917105753,0.04575833917105753
Measuring memory usage,Running unit tests,0.0006515073587063733,0.0006515073587063733,0.0006515073587063733
Merging pull request,Running unit tests,-0.0002664269091911671,0.0002664269091911671,-6.550584802047133e-05
Migrating database schema,Running unit tests,-0.0014572302266131817,0.0014572302266131817,-0.00026438880400429137
Monitoring build agents,Running unit tests,0.016391718199056295,0.016391718199056295,0.015407495773500483
Notifying release manager,Running unit tests,-0.0006322081012491415,0.0006322081012491415,-0.0006322081012491415
Optimizing assets,Running unit tests,-0.0023488400013393475,0.0023488400013393475,-0.0023488400013393475
Out of memory during linking stage,Running unit tests,-0.0005087831452042964,0.0005087831452042964,-0.0005087831452042964
Patching vulnerabilities,Running unit tests,-0.002225144756451106,0.002225144756451106,-3.2546207353215595e-05
Publishing artifacts to repository,Running unit tests,-0.000583319194368445,0.000583319194368445,-0.000583319194368445
Publishing site,Running unit tests,-0.0010637399765869061,0.0010637399765869061,-0.0010637399765869061
Pulling Docker base image,Running unit tests,-0.0003074806826763208,0.0003074806826763208,-0.0003074806826763208
Pushing Docker image,Running unit tests,-0.0005044517215866535,0.0005044517215866535,-0.0005044517215866535
Pushing changes to remote,Running unit tests,-0.001894358242118887,0.001894358242118887,-0.001894358242118887
Rebalancing workloads,Running unit tests,-0.00027977761546261055,0.00027977761546261055,-0.00027977761546261055
Rebooting build server,Running unit tests,-0.0004618629256526551,0.0004618629256526551,-0.0004618629256526551
Reporting test results,Running unit tests,-0.00101357425019187,0.00101357425019187,-0.00101357425019187
Restarting database service,Running unit tests,0.0030819358278102804,0.0030819358278102804,0.002414319034387679
Restarting failed containers,Running unit tests,0.0010741521900116096,0.0010741521900116096,0.0002636330349092412
Restoring database,Running unit tests,-0.00013718396309523757,0.00013718396309523757,-0.00013718396309523757
Reviewing dependencies,Running unit tests,0.0010775817236698244,0.0010775817236698244,4.652045490337374e-05
Running integration tests,Running unit tests,0.0033133868047405097,0.0033133868047405097,0.0033133868047405097
Running linter checks,Running unit tests,0.0065438137017615455,0.0065438137017615455,0.0065438137017615455
Running performance tests,Running unit tests,0.004627760859973694,0.004627760859973694,0.002000869718899556
Running regression tests,Running unit tests,0.0010734502817130948,0.0010734502817130948,0.0010734502817130948
Running security scan,Running unit tests,-0.0032984293095711876,0.0032984293095711876,-0.0032984293095711876
Running smoke tests,Running unit tests,-0.0017781333362890605,0.0017781333362890605,-0.0017781333362890605
Scanning for secrets in code,Running unit tests,-0.005488298027771987,0.005488298027771987,-0.005488298027771987
Seeding database,Running unit tests,-0.003597975425158734,0.003597975425158734,-0.003597975425158734
Sending Slack notification,Running unit tests,-0.002223912945556223,0.002223912945556223,-0.002223912945556223
Sending report via email,Running unit tests,0.0015484109301104236,0.0015484109301104236,0.0010712767611342276
Signing release packages,Running unit tests,-0.02115763491502847,0.02115763491502847,-0.016524611116736865
Starting CI job,Running unit tests,-0.0010511553981175591,0.0010511553981175591,-0.0010511553981175591
Syncing mirrors,Running unit tests,0.001153867856466907,0.001153867856466907,0.0007720017473727335
Syncing with GitHub,Running unit tests,-0.004123145678071245,0.004123145678071245,-0.0006067115300894663
"TRACE socket recv timeout, backing off 200ms",Running unit tests,-0.0016372461181414339,0.0016372461181414339,-0.0004688139116396815
Tagging Docker image,Running unit tests,0.001528859482582595,0.001528859482582595,0.001528859482582595
Tracking build metrics,Running unit tests,0.003464882700265324,0.003464882700265324,0.0032850441736890874
Triggering downstream jobs,Running unit tests,-0.00036770204177837034,0.00036770204177837034,-0.00036770204177837034
Triggering webhook,Running unit tests,0.0008053227558928471,0.0008053227558928471,0.0005400467147133684
Uploading crash reports,Running unit tests,-0.0005544716148803762,0.0005544716148803762,-0.0004189601891763506
Uploading logs to S3,Running unit tests,0.0029106774029532137,0.0029106774029532137,0.0002487572032690551
Validating Kubernetes manifests,Running unit tests,-0.0019315763084579033,0.0019315763084579033,-0.0019315763084579033
Validating deployment,Running unit tests,-0.0036911925606923977,0.0036911925606923977,-0.0013387575876745391
Verifying checksums,Running unit tests,0.0005929881109973765,0.0005929881109973765,0.0005929881109973765
Verifying dependency integrity,Running unit tests,-0.004167005267736315,0.004167005267736315,-0.0025217725729000467
Verifying digital signatures,Running unit tests,0.0036551584729726102,0.0036551584729726102,0.0036551584729726102
Verifying service health checks,Running unit tests,-0.002328024985372683,0.002328024985372683,-0.002328024985372683
WARN retrying connection to mirror (attempt 3/5),Running unit tests,0.007557828370124324,0.007557828370124324,0.007557828370124324
^[[0;31mANSI color spill^[[0m,Running unit tests,-0.00019518945608204013,0.00019518945608204013,-0.00019518945608204013
dmesg: CPU soft lockup detected on core 3,Running unit tests,-0.0019286045069388173,0.0019286045069388173,-0.0019286045069388173
gc: collecting generation 2 ... done,Running unit tests,0.0067610857793392945,0.0067610857793392945,0.003229696858124562
java.lang.NullPointerException at com.example.Main:142,Running unit tests,-0.0035463164142757607,0.0035463164142757607,-0.00021480100664278585
Analyzing historical trends,Scanning for secrets in code,0.001430662588111177,0.001430662588111177,0.001430662588111177
Analyzing historical trends,Seeding database,0.0006572618575039457,0.0006572618575039457,0.0006572618575039457
Archiving build artifacts,Seeding database,-2.785320833295137e-05,2.785320833295137e-05,-2.785320833295137e-05
Checking available memory,Seeding database,4.0939106179486714e-05,4.0939106179486714e-05,4.0939106179486714e-05
Checking disk space,Seeding database,0.0011035088770887623,0.0011035088770887623,0.0011035088770887623
Checking out branch,Seeding database,-0.00011692194969472965,0.00011692194969472965,-0.00011692194969472965
Cleaning Docker cache,Seeding database,0.0011975805925562328,0.0011975805925562328,0.0011975805925562328
Cloning repository,Seeding database,6.954722076085848e-05,6.954722076085848e-05,6.954722076085848e-05
Compiling TypeScript files,Seeding database,1.214996926332777,1.214996926332777,1.214996926332777
Creating new pipeline configuration,Seeding database,0.798153483905305,0.798153483905305,0.798153483905305
Decrypting configuration files,Seeding database,0.0009692970434748308,0.0009692970434748308,0.0009692970434748308
Generating code coverage report,Seeding database,-0.00042473331367420125,0.00042473331367420125,-0.00042473331367420125
Generating documentation with Doxygen,Seeding database,-1.1145831380273086,1.1145831380273086,-1.1143230065137695
Linker returned non-zero exit code,Seeding database,-0.002082021662217678,0.002082021662217678,-0.0017604005769688822
Linking shared libraries,Seeding database,0.0008065595927202218,0.0008065595927202218,0.0008065595927202218
Logging health status,Seeding database,0.0013094937456525327,0.0013094937456525327,0.0013094937456525327
Measuring memory usage,Seeding database,8.012924187722695e-05,8.012924187722695e-05,8.012924187722695e-05
Migrating database schema,Seeding database,0.0006865115105344444,0.0006865115105344444,0.0006865115105344444
Pushing Docker image,Seeding database,6.86031053837566e-05,6.86031053837566e-05,6.86031053837566e-05
Reporting test results,Seeding database,-0.0007148114913447595,0.0007148114913447595,-0.0007148114913447595
Restarting database service,Seeding database,0.0007776428105521519,0.0007776428105521519,0.0007776428105521519
Running performance tests,Seeding database,0.0008811923075763264,0.0008811923075763264,0.0008811923075763264
Running regression tests,Seeding database,-0.00018973772561145592,0.00018973772561145592,-0.00018973772561145592
Running unit tests,Seeding database,-0.000917082619844688,0.000917082619844688,-0.000917082619844688
Scanning for secrets in code,Seeding database,-0.0005611000712802468,0.0005611000712802468,-0.0005611000712802468
Sending Slack notification,Seeding database,-0.0001762612909424639,0.0001762612909424639,-0.0001762612909424639
Syncing with GitHub,Seeding database,0.00043906868974098804,0.00043906868974098804,0.00043906868974098804
"TRACE socket recv timeout, backing off 200ms",Seeding database,0.00021216772489786954,0.00021216772489786954,0.00021216772489786954
Triggering downstream jobs,Seeding database,0.00010701526851345884,0.00010701526851345884,0.00010701526851345884
Uploading logs to S3,Seeding database,0.00024538284077625644,0.00024538284077625644,0.00024538284077625644
Verifying digital signatures,Seeding database,0.00025423401052407303,0.00025423401052407303,0.00025423401052407303
java.lang.NullPointerException at com.example.Main:142,Seeding database,-4.0504827318903276e-05,4.0504827318903276e-05,-4.0504827318903276e-05
###### random boundary #####,Starting CI job,0.004443293155841611,0.004443293155841611,0.0005427880924484881
Analyzing CPU usage,Starting CI job,-0.0332128035986149,0.0332128035986149,-0.024678181978641068
Analyzing historical trends,Starting CI job,0.064008523207094,0.064008523207094,0.020538668230790213
Analyzing static code,Starting CI job,0.021626609268859835,0.021626609268859835,0.021626609268859835
Archiving build artifacts,Starting CI job,-0.06923785318302556,0.06923785318302556,-0.05012524938735463
Backing up database,Starting CI job,0.0031014983115762304,0.0031014983115762304,0.0031014983115762304
Building CXX object,Starting CI job,0.016030639459855254,0.016030639459855254,0.016030639459855254
Building Java classes,Starting CI job,0.009752133258808266,0.009752133258808266,0.005478372964892334
Checking available memory,Starting CI job,0.013125141130260289,0.013125141130260289,0.013125141130260289
Checking code style,Starting CI job,-0.04069651545992685,0.04069651545992685,-0.04069651545992685
Checking database connectivity,Starting CI job,0.0052476651261982345,0.0052476651261982345,0.0052476651261982345
Checking disk space,Starting CI job,0.018948322393961263,0.018948322393961263,0.018948322393961263
Checking out branch,Starting CI job,-0.037115251953248954,0.037115251953248954,-0.017287975556229723
Cleaning Docker cache,Starting CI job,0.006583640595340523,0.006583640595340523,0.003496140103061419
Cloning repository,Starting CI job,0.014428283833073749,0.014428283833073749,0.014428283833073749
Compiling TypeScript files,Starting CI job,0.04173694223586405,0.04173694223586405,0.005055304451270179
Compressing log files,Starting CI job,0.0067202224892673685,0.0067202224892673685,0.0067202224892673685
Configuring build environment,Starting CI job,-0.024219328977549862,0.024219328977549862,-0.013510674059930025
Converting markdown to HTML,Starting CI job,0.012983266491841932,0.012983266491841932,0.012983266491841932
Creating Jira ticket,Starting CI job,0.0044960480782800715,0.0044960480782800715,0.0044960480782800715
Creating git tag,Starting CI job,0.013484081282236098,0.013484081282236098,0.013484081282236098
Creating new pipeline configuration,Starting CI job,-0.0513568315276267,0.0513568315276267,-0.046956054036386516
Creating release notes,Starting CI job,0.009190727415286624,0.009190727415286624,0.009190727415286624
Creating version header,Starting CI job,0.031945322899387986,0.031945322899387986,0.004772338374701354
Decrypting configuration files,Starting CI job,0.010357447313228003,0.010357447313228003,0.010357447313228003
Dependency chain resolved,Starting CI job,-0.03880385670832999,0.03880385670832999,-0.002485693042833661
Deploying Helm charts,Starting CI job,0.0069396875614816875,0.0069396875614816875,0.006540967603992727
Deploying to production,Starting CI job,0.0167532090075177,0.0167532090075177,0.0167532090075177
Deploying to staging environment,Starting CI job,-0.03173868383525872,0.03173868383525872,-0.0052780731443717935
Deprecated function used,Starting CI job,0.014010160585070007,0.014010160585070007,0.014010160585070007
Encrypting artifacts,Starting CI job,0.023908437329119146,0.023908437329119146,0.023908437329119146
Entering compilation loop,Starting CI job,0.009645781392156197,0.009645781392156197,0.009645781392156197
Finalizing CI job,Starting CI job,-0.005837064573303009,0.005837064573303009,-0.005837064573303009
Generating code coverage report,Starting CI job,0.0014254481731694236,0.0014254481731694236,0.0014254481731694236
Generating documentation with Doxygen,Starting CI job,0.040713397120831954,0.040713397120831954,0.040713397120831954
Generating system diagnostics,Starting CI job,0.001771294718969384,0.001771294718969384,0.001273891649045527
Installing dependencies,Starting CI job,-0.0006887586233770769,0.0006887586233770769,-0.0006887586233770769
Linker returned non-zero exit code,Starting CI job,-0.018373996472121706,0.018373996472121706,-0.015828604040618997
Linking CXX executable,Starting CI job,0.018062160632677682,0.018062160632677682,0.015962515985650044
Linking shared libraries,Starting CI job,-0.0009319384821961858,0.0009319384821961858,-0.0009319384821961858
Logging build statistics,Starting CI job,0.00505529608543881,0.00505529608543881,0.0027350367217559434
Logging health status,Starting CI job,0.05714038074598309,0.05714038074598309,0.055341003236008136
Measuring memory usage,Starting CI job,-0.0008266434882634873,0.0008266434882634873,-0.0008266434882634873
Migrating database schema,Starting CI job,-0.0004632256733925669,0.0004632256733925669,-0.0004632256733925669
Monitoring build agents,Starting CI job,0.01367878883583169,0.01367878883583169,0.01367878883583169
Notifying release manager,Starting CI job,0.0019771925732347687,0.0019771925732347687,0.0016412149729433272
Optimizing assets,Starting CI job,-0.0008763923482779723,0.0008763923482779723,-0.0008763923482779723
Out of memory during linking stage,Starting CI job,0.0057595039088728685,0.0057595039088728685,0.0057595039088728685
Patching vulnerabilities,Starting CI job,0.00875041359871222,0.00875041359871222,0.0040348392712643635
Publishing artifacts to repository,Starting CI job,-0.0004764735931857059,0.0004764735931857059,-0.0004764735931857059
Publishing site,Starting CI job,0.003520418737987795,0.003520418737987795,0.002015346407655899
Pushing Docker image,Starting CI job,-0.0010160651265753474,0.0010160651265753474,-0.0010160651265753474
Pushing changes to remote,Starting CI job,-0.004894629635492949,0.004894629635492949,-0.004894629635492949
Rebalancing workloads,Starting CI job,0.0010533979695979162,0.0010533979695979162,0.0010533979695979162
Rebasing branch,Starting CI job,0.0007354715120295014,0.0007354715120295014,0.0007354715120295014
Rebooting build server,Starting CI job,-0.0004997220746687474,0.0004997220746687474,-0.0004997220746687474
Rebuilding failed jobs,Starting CI job,0.0017357112835828382,0.0017357112835828382,0.0017357112835828382
Reporting test results,Starting CI job,-0.0013914760924030982,0.0013914760924030982,-0.0013914760924030982
Restarting database service,Starting CI job,0.00023469863573537177,0.00023469863573537177,0.00023469863573537177
Restoring database,Starting CI job,-0.0010231088758268676,0.0010231088758268676,-0.0010231088758268676
Running integration tests,Starting CI job,0.0018268447048501394,0.0018268447048501394,0.0018268447048501394
Running linter checks,Starting CI job,0.0020904123140824916,0.0020904123140824916,0.0020904123140824916
Running performance tests,Starting CI job,-0.004036915774902852,0.004036915774902852,-2.1243563354140464e-05
Running regression tests,Starting CI job,-0.002721392350258441,0.002721392350258441,-0.002721392350258441
Running smoke tests,Starting CI job,0.0007671209037738778,0.0007671209037738778,0.0002661957695108147
Running unit tests,Starting CI job,-0.0015337659436693873,0.0015337659436693873,-0.0015337659436693873
Scanning for secrets in code,Starting CI job,0.0008917633804313746,0.0008917633804313746,0.0003522956026461067
Seeding database,Starting CI job,-0.002385986970046095,0.002385986970046095,-0.002385986970046095
Sending Slack notification,Starting CI job,0.0004430977380377677,0.0004430977380377677,0.0004430977380377677
Sending report via email,Starting CI job,0.002982639873389905,0.002982639873389905,0.002982639873389905
Signing release packages,Starting CI job,-0.01977224203899722,0.01977224203899722,-0.019288141870354273
Syncing mirrors,Starting CI job,0.00017776838756397448,0.00017776838756397448,0.00017776838756397448
Syncing with GitHub,Starting CI job,-0.001919152108218731,0.001919152108218731,-0.0009810053506204683
"TRACE socket recv timeout, backing off 200ms",Starting CI job,-0.002276943430490493,0.002276943430490493,-0.002276943430490493
Tagging Docker image,Starting CI job,0.0014555179168964352,0.0014555179168964352,0.0014555179168964352
Tracking build metrics,Starting CI job,0.0030709417461254017,0.0030709417461254017,0.0030709417461254017
Triggering downstream jobs,Starting CI job,0.007614942541929548,0.007614942541929548,0.005002773222795237
Triggering webhook,Starting CI job,-0.0020423722987630913,0.0020423722987630913,-0.0020423722987630913
Uploading crash reports,Starting CI job,0.004110189782699247,0.004110189782699247,0.0024299825077771773
Uploading logs to S3,Starting CI job,-0.001036095495574463,0.001036095495574463,-0.001036095495574463
Uploading sourcemaps,Starting CI job,-0.0014912143890610289,0.0014912143890610289,-0.0014912143890610289
Validating Kubernetes manifests,Starting CI job,0.005058745154831921,0.005058745154831921,0.002331487048351665
Validating deployment,Starting CI job,0.0020387328373467272,0.0020387328373467272,0.00015352690501204498
Verifying checksums,Starting CI job,0.0028140601629237233,0.0028140601629237233,0.0028140601629237233
Verifying dependency integrity,Starting CI job,-0.0010189249307929844,0.0010189249307929844,-0.0010189249307929844
Verifying digital signatures,Starting CI job,-0.0017510750476364867,0.0017510750476364867,-0.0011407025165891507
Verifying git tag signature,Starting CI job,-0.0026933568081801045,0.0026933568081801045,-0.0005496743445622186
Verifying service health checks,Starting CI job,-0.0016646319047062391,0.0016646319047062391,-0.0016646319047062391
WARN retrying connection to mirror (attempt 3/5),Starting CI job,-0.001669198896427968,0.001669198896427968,-0.001669198896427968
dmesg: CPU soft lockup detected on core 3,Starting CI job,0.0016086913573361496,0.0016086913573361496,0.0016086913573361496
gc: collecting generation 2 ... done,Starting CI job,0.005662354604822786,0.005662354604822786,0.003559132387484779
java.lang.NullPointerException at com.example.Main:142,Starting CI job,0.013336435942196436,0.013336435942196436,0.013336435942196436
Analyzing historical trends,Syncing mirrors,0.0014780397411126023,0.0014780397411126023,0.0014780397411126023
Analyzing static code,Syncing mirrors,0.004351960188625482,0.004351960188625482,0.004351960188625482
Archiving build artifacts,Syncing mirrors,-0.0011552145896875934,0.0011552145896875934,-0.0011552145896875934
Backing up database,Syncing mirrors,2.3852489013287652e-05,2.3852489013287652e-05,2.3852489013287652e-05
Building CXX object,Syncing mirrors,0.00022713353480115434,0.00022713353480115434,0.00022713353480115434
Cloning repository,Syncing mirrors,0.0004107917724984889,0.0004107917724984889,0.0004107917724984889
Converting markdown to HTML,Syncing mirrors,0.00022524222889183404,0.00022524222889183404,0.00022524222889183404
Creating Jira ticket,Syncing mirrors,0.0006618034015291715,0.0006618034015291715,0.0006618034015291715
Decrypting configuration files,Syncing mirrors,0.00014523172606653053,0.00014523172606653053,0.00014523172606653053
Deploying to production,Syncing mirrors,0.0067719998335186585,0.0067719998335186585,0.0067719998335186585
Entering compilation loop,Syncing mirrors,0.007335524401856819,0.007335524401856819,0.007335524401856819
Generating documentation with Doxygen,Syncing mirrors,0.0011842822903462868,0.0011842822903462868,0.0011842822903462868
Linking shared libraries,Syncing mirrors,0.00019529697234590154,0.00019529697234590154,0.00019529697234590154
Logging health status,Syncing mirrors,0.003172342467974669,0.003172342467974669,0.003172342467974669
Publishing site,Syncing mirrors,0.00010454898699914214,0.00010454898699914214,0.00010454898699914214
###### random boundary #####,"TRACE socket recv timeout, backing off 200ms",0.05043749304028765,0.05043749304028765,0.05043749304028765
Analyzing CPU usage,"TRACE socket recv timeout, backing off 200ms",-0.01310582447949132,0.01310582447949132,-0.005176407324771753
Analyzing historical trends,"TRACE socket recv timeout, backing off 200ms",-0.016319263746745943,0.016319263746745943,-0.0004983500325020686
Analyzing static code,"TRACE socket recv timeout, backing off 200ms",0.006286130530258226,0.006286130530258226,0.006286130530258226
Archiving build artifacts,"TRACE socket recv timeout, backing off 200ms",-0.016826501653564856,0.016826501653564856,-0.016826501653564856
Backing up database,"TRACE socket recv timeout, backing off 200ms",0.0016434811281058675,0.0016434811281058675,0.0016434811281058675
Building CXX object,"TRACE socket recv timeout, backing off 200ms",0.0010880136186675405,0.0010880136186675405,0.0010880136186675405
Building Java classes,"TRACE socket recv timeout, backing off 200ms",0.0055479570845877535,0.0055479570845877535,0.0055479570845877535
Checking available memory,"TRACE socket recv timeout, backing off 200ms",0.04356741562840721,0.04356741562840721,0.04356741562840721
Checking code style,"TRACE socket recv timeout, backing off 200ms",0.05968185944634831,0.05968185944634831,0.041152408762489545
Checking database connectivity,"TRACE socket recv timeout, backing off 200ms",0.04872325540068805,0.04872325540068805,0.04872325540068805
Checking disk space,"TRACE socket recv timeout, backing off 200ms",0.0007280088423293032,0.0007280088423293032,0.0007280088423293032
Checking out branch,"TRACE socket recv timeout, backing off 200ms",0.05068065038251648,0.05068065038251648,0.03184824406945453
Compiling TypeScript files,"TRACE socket recv timeout, backing off 200ms",0.007540087994753344,0.007540087994753344,0.006434545647363468
Compressing log files,"TRACE socket recv timeout, backing off 200ms",0.04640270566126689,0.04640270566126689,0.04640270566126689
Configuring build environment,"TRACE socket recv timeout, backing off 200ms",-0.005081192422403058,0.005081192422403058,-0.004781887420337962
Creating Jira ticket,"TRACE socket recv timeout, backing off 200ms",0.006859404530868049,0.006859404530868049,0.006859404530868049
Creating git tag,"TRACE socket recv timeout, backing off 200ms",0.0088700338887381,0.0088700338887381,0.0088700338887381
Creating new pipeline configuration,"TRACE socket recv timeout, backing off 200ms",-0.003028705162248153,0.003028705162248153,-0.003028705162248153
Creating release notes,"TRACE socket recv timeout, backing off 200ms",0.003249552844931953,0.003249552844931953,0.003249552844931953
Creating version header,"TRACE socket recv timeout, backing off 200ms",0.008327335409727325,0.008327335409727325,0.005019975982661217
Decrypting configuration files,"TRACE socket recv timeout, backing off 200ms",0.00011891320945696904,0.00011891320945696904,0.00011891320945696904
Dependency chain resolved,"TRACE socket recv timeout, backing off 200ms",-0.005814636354317817,0.005814636354317817,-0.002097946090704559
Deploying Helm charts,"TRACE socket recv timeout, backing off 200ms",0.0015447663466269205,0.0015447663466269205,0.0015447663466269205
Deploying to staging environment,"TRACE socket recv timeout, backing off 200ms",-0.010286684886375463,0.010286684886375463,-0.0008679620303296528
Entering compilation loop,"TRACE socket recv timeout, backing off 200ms",0.04347623091783276,0.04347623091783276,0.04347623091783276
Finalizing CI job,"TRACE socket recv timeout, backing off 200ms",0.13921062107573884,0.13921062107573884,0.13921062107573884
Formatting source code,"TRACE socket recv timeout, backing off 200ms",0.04816919136601813,0.04816919136601813,0.04468586472771734
Generating documentation with Doxygen,"TRACE socket recv timeout, backing off 200ms",0.003989168944655842,0.003989168944655842,0.003989168944655842
Generating system diagnostics,"TRACE socket recv timeout, backing off 200ms",0.0004029761890058111,0.0004029761890058111,0.0004029761890058111
Installing dependencies,"TRACE socket recv timeout, backing off 200ms",0.0008037014667529791,0.0008037014667529791,0.0008037014667529791
Linker returned non-zero exit code,"TRACE socket recv timeout, backing off 200ms",-0.00955604893891844,0.00955604893891844,-0.00955604893891844
Linking CXX executable,"TRACE socket recv timeout, backing off 200ms",0.005730459735276366,0.005730459735276366,0.005528991461219776
Logging build statistics,"TRACE socket recv timeout, backing off 200ms",-0.0010470753503322497,0.0010470753503322497,-0.0010470753503322497
Logging health status,"TRACE socket recv timeout, backing off 200ms",0.0036551169851245166,0.0036551169851245166,0.0036551169851245166
Monitoring build agents,"TRACE socket recv timeout, backing off 200ms",0.004386280381774779,0.004386280381774779,0.004386280381774779
Notifying release manager,"TRACE socket recv timeout, backing off 200ms",0.00022380674137043366,0.00022380674137043366,0.00022380674137043366
Out of memory during linking stage,"TRACE socket recv timeout, backing off 200ms",-0.006027052860511712,0.006027052860511712,-0.0010492499237018589
Patching vulnerabilities,"TRACE socket recv timeout, backing off 200ms",0.013503858451157662,0.013503858451157662,0.012037059356156178
Publishing artifacts to repository,"TRACE socket recv timeout, backing off 200ms",0.003913813090956581,0.003913813090956581,0.003913813090956581
Publishing site,"TRACE socket recv timeout, backing off 200ms",-0.0015649584216130866,0.0015649584216130866,-0.0015649584216130866
Pushing changes to remote,"TRACE socket recv timeout, backing off 200ms",-0.003039732716790884,0.003039732716790884,-0.0002977225658057181
Rebalancing workloads,"TRACE socket recv timeout, backing off 200ms",-0.0006170589063090265,0.0006170589063090265,-0.0006170589063090265
Rebooting build server,"TRACE socket recv timeout, backing off 200ms",0.00040645821808536314,0.00040645821808536314,0.00040645821808536314
Rebuilding failed jobs,"TRACE socket recv timeout, backing off 200ms",0.0006141262498357784,0.0006141262498357784,0.0006141262498357784
Reporting test results,"TRACE socket recv timeout, backing off 200ms",-0.016668584124068932,0.016668584124068932,-0.014885500931992
Restarting database service,"TRACE socket recv timeout, backing off 200ms",-0.000715007867590986,0.000715007867590986,-0.000715007867590986
Restarting failed containers,"TRACE socket recv timeout, backing off 200ms",-0.0006259652027535022,0.0006259652027535022,-0.0006259652027535022
Restoring database,"TRACE socket recv timeout, backing off 200ms",-0.0004407111791016908,0.0004407111791016908,-0.0004407111791016908
Running integration tests,"TRACE socket recv timeout, backing off 200ms",-0.0030991367472538297,0.0030991367472538297,-0.0030991367472538297
Running linter checks,"TRACE socket recv timeout, backing off 200ms",-0.003093797756502543,0.003093797756502543,-0.003093797756502543
Running performance tests,"TRACE socket recv timeout, backing off 200ms",0.0012701930406331112,0.0012701930406331112,0.0012701930406331112
Running regression tests,"TRACE socket recv timeout, backing off 200ms",0.0013280779758548346,0.0013280779758548346,6.085375242810857e-05
Running security scan,"TRACE socket recv timeout, backing off 200ms",0.003143303038721896,0.003143303038721896,0.003143303038721896
Running smoke tests,"TRACE socket recv timeout, backing off 200ms",0.0013055918964417882,0.0013055918964417882,0.0013055918964417882
Running unit tests,"TRACE socket recv timeout, backing off 200ms",-0.00047706139193205255,0.00047706139193205255,-0.00047706139193205255
Scanning for secrets in code,"TRACE socket recv timeout, backing off 200ms",-0.000780468812929376,0.000780468812929376,-0.000780468812929376
Seeding database,"TRACE socket recv timeout, backing off 200ms",0.0009174525279392788,0.0009174525279392788,0.0009174525279392788
Sending Slack notification,"TRACE socket recv timeout, backing off 200ms",0.0005015393910945119,0.0005015393910945119,0.0005015393910945119
Sending report via email,"TRACE socket recv timeout, backing off 200ms",-0.0038395483061007796,0.0038395483061007796,-0.0038395483061007796
Starting CI job,"TRACE socket recv timeout, backing off 200ms",-0.0020053938926037312,0.0020053938926037312,-0.0020053938926037312
Syncing mirrors,"TRACE socket recv timeout, backing off 200ms",-0.0004710696593612882,0.0004710696593612882,-0.0004710696593612882
Triggering downstream jobs,"TRACE socket recv timeout, backing off 200ms",-0.006081874869605096,0.006081874869605096,-0.0016829655951196417
Uploading crash reports,"TRACE socket recv timeout, backing off 200ms",6.459224518095966e-05,6.459224518095966e-05,6.459224518095966e-05
Uploading logs to S3,"TRACE socket recv timeout, backing off 200ms",0.0019375661144692673,0.0019375661144692673,0.0019375661144692673
Uploading sourcemaps,"TRACE socket recv timeout, backing off 200ms",0.001116389094171089,0.001116389094171089,0.001116389094171089
Validating deployment,"TRACE socket recv timeout, backing off 200ms",-0.0004729878662121417,0.0004729878662121417,-0.0004729878662121417
Verifying checksums,"TRACE socket recv timeout, backing off 200ms",0.000966466074783693,0.000966466074783693,0.000966466074783693
Verifying dependency integrity,"TRACE socket recv timeout, backing off 200ms",0.006367165295212258,0.006367165295212258,0.006367165295212258
Verifying digital signatures,"TRACE socket recv timeout, backing off 200ms",-0.0007245429486095383,0.0007245429486095383,-0.0007245429486095383
Verifying git tag signature,"TRACE socket recv timeout, backing off 200ms",-0.001037980152935766,0.001037980152935766,-0.001037980152935766
WARN retrying connection to mirror (attempt 3/5),"TRACE socket recv timeout, backing off 200ms",0.0021937034789069267,0.0021937034789069267,0.0012323099809563728
^[[0;31mANSI color spill^[[0m,"TRACE socket recv timeout, backing off 200ms",0.0036837356832698093,0.0036837356832698093,0.0036837356832698093
gc: collecting generation 2 ... done,"TRACE socket recv timeout, backing off 200ms",-0.007340924173311783,0.007340924173311783,-0.007340924173311783
java.lang.NullPointerException at com.example.Main:142,"TRACE socket recv timeout, backing off 200ms",-0.01044504347303748,0.01044504347303748,-0.01044504347303748
###### random boundary #####,Triggering webhook,0.0008309880570044003,0.0008309880570044003,0.0008309880570044003
Analyzing CPU usage,Triggering webhook,-0.03049043542449776,0.03049043542449776,-0.02117657303004597
Analyzing historical trends,Triggering webhook,0.058145541726720165,0.058145541726720165,0.01824495260787236
Analyzing static code,Triggering webhook,0.020874117789494474,0.020874117789494474,0.020874117789494474
Archiving build artifacts,Triggering webhook,-0.06011363500721298,0.06011363500721298,-0.03809139316203734
Backing up database,Triggering webhook,0.0016742525408558178,0.0016742525408558178,0.0016742525408558178
Building CXX object,Triggering webhook,0.013546414319389735,0.013546414319389735,0.013546414319389735
Building Java classes,Triggering webhook,0.0043979250132756345,0.0043979250132756345,0.0043979250132756345
Checking available memory,Triggering webhook,0.01507886931316156,0.01507886931316156,0.01507886931316156
Checking code style,Triggering webhook,-0.036169411686693895,0.036169411686693895,-0.036169411686693895
Checking database connectivity,Triggering webhook,0.0017508493550772671,0.0017508493550772671,7.974675371973702e-05
Checking disk space,Triggering webhook,0.011198152324195885,0.011198152324195885,0.011198152324195885
Checking out branch,Triggering webhook,-0.02541473873036139,0.02541473873036139,-0.020618875940099347
Cleaning Docker cache,Triggering webhook,0.006260899921388546,0.006260899921388546,0.006260899921388546
Cloning repository,Triggering webhook,0.006252826272132769,0.006252826272132769,0.006252826272132769
Compiling TypeScript files,Triggering webhook,-0.023757664187886364,0.023757664187886364,-0.0032274541685118497
Compressing log files,Triggering webhook,0.007408496281067923,0.007408496281067923,0.007408496281067923
Configuring build environment,Triggering webhook,-0.015190124736784131,0.015190124736784131,-0.015190124736784131
Converting markdown to HTML,Triggering webhook,0.0058273114444062435,0.0058273114444062435,0.0058273114444062435
Creating Jira ticket,Triggering webhook,0.003310422560932715,0.003310422560932715,0.003310422560932715
Creating git tag,Triggering webhook,0.02252856653448806,0.02252856653448806,0.02252856653448806
Creating new pipeline configuration,Triggering webhook,-0.04247011200861619,0.04247011200861619,-0.024555976860313126
Creating release notes,Triggering webhook,0.010181175195405408,0.010181175195405408,0.010181175195405408
Creating version header,Triggering webhook,0.025129546359311764,0.025129546359311764,0.006025090466477532
Decrypting configuration files,Triggering webhook,0.001595199855179256,0.001595199855179256,0.001595199855179256
Dependency chain resolved,Triggering webhook,-0.018426833160337375,0.018426833160337375,-0.018426833160337375
Deploying Helm charts,Triggering webhook,0.0030701806797483306,0.0030701806797483306,0.0030701806797483306
Deploying to production,Triggering webhook,0.005647372353238679,0.005647372353238679,0.005647372353238679
Deploying to staging environment,Triggering webhook,-0.030319535700116744,0.030319535700116744,-0.0012803982300583702
Deprecated function used,Triggering webhook,0.0139539580685774,0.0139539580685774,0.0139539580685774
Encrypting artifacts,Triggering webhook,0.029345803997420195,0.029345803997420195,0.029345803997420195
Entering compilation loop,Triggering webhook,0.012157133513399044,0.012157133513399044,0.012157133513399044
Finalizing CI job,Triggering webhook,-0.001678938677809153,0.001678938677809153,-0.001678938677809153
Formatting source code,Triggering webhook,0.006885685670399532,0.006885685670399532,0.006885685670399532
Generating code coverage report,Triggering webhook,0.001978383888770379,0.001978383888770379,0.001978383888770379
Generating documentation with Doxygen,Triggering webhook,0.03335729068263344,0.03335729068263344,0.03269745633314831
Generating system diagnostics,Triggering webhook,-0.0005299711296437405,0.0005299711296437405,-0.0005299711296437405
Linker returned non-zero exit code,Triggering webhook,-0.01572376831615824,0.01572376831615824,-0.01572376831615824
Linking CXX executable,Triggering webhook,0.011814366121038837,0.011814366121038837,0.01148440272136132
Linking shared libraries,Triggering webhook,-0.00027074555386209515,0.00027074555386209515,-0.00027074555386209515
Logging build statistics,Triggering webhook,0.005614952881544214,0.005614952881544214,0.005492423584144078
Logging health status,Triggering webhook,0.04141438124089966,0.04141438124089966,0.041068928089654025
Measuring memory usage,Triggering webhook,0.00274118484271466,0.00274118484271466,0.00274118484271466
Merging pull request,Triggering webhook,0.0030131487521629845,0.0030131487521629845,0.0026910257519101263
Monitoring build agents,Triggering webhook,0.019238695813384016,0.019238695813384016,0.019238695813384016
Notifying release manager,Triggering webhook,0.003452261455845534,0.003452261455845534,0.0027761338440062573
Optimizing assets,Triggering webhook,0.004253827412210495,0.004253827412210495,0.0035630806050051776
Out of memory during linking stage,Triggering webhook,-0.00134466984241889,0.00134466984241889,-0.00134466984241889
Patching vulnerabilities,Triggering webhook,0.007827827232249895,0.007827827232249895,0.0075221620599101
Publishing artifacts to repository,Triggering webhook,-0.00031523003394312116,0.00031523003394312116,-0.00031523003394312116
Pulling Docker base image,Triggering webhook,0.0006888979826860523,0.0006888979826860523,0.0006888979826860523
Pushing Docker image,Triggering webhook,0.0011952416758550183,0.0011952416758550183,0.00039452343819231753
Pushing changes to remote,Triggering webhook,-0.004969485659505212,0.004969485659505212,-0.0018148492102415524
Rebalancing workloads,Triggering webhook,0.00019300521500735328,0.00019300521500735328,0.00019300521500735328
Rebooting build server,Triggering webhook,-0.00043564739558692216,0.00043564739558692216,-0.00043564739558692216
Rebuilding failed jobs,Triggering webhook,-7.033138805144913e-05,7.033138805144913e-05,-7.033138805144913e-05
Reporting test results,Triggering webhook,0.0018745230368557879,0.0018745230368557879,0.0018745230368557879
Restarting database service,Triggering webhook,0.007791841717583762,0.007791841717583762,0.007273021794468169
Restoring database,Triggering webhook,-0.0010489902443999459,0.0010489902443999459,-0.0010489902443999459
Running integration tests,Triggering webhook,-0.0003585802816781868,0.0003585802816781868,-0.0003585802816781868
Running linter checks,Triggering webhook,0.0024495603822449457,0.0024495603822449457,0.0024495603822449457
Running regression tests,Triggering webhook,-0.0010703392898652768,0.0010703392898652768,-0.0010703392898652768
Running smoke tests,Triggering webhook,-0.00022452048650261838,0.00022452048650261838,-0.00022452048650261838
Running unit tests,Triggering webhook,-0.0019487890711617202,0.0019487890711617202,-0.0019487890711617202
Scanning for secrets in code,Triggering webhook,0.0009860281918333963,0.0009860281918333963,0.0009860281918333963
Seeding database,Triggering webhook,-0.00011372180457089352,0.00011372180457089352,-0.00011372180457089352
Sending Slack notification,Triggering webhook,0.0008721400066481505,0.0008721400066481505,0.0008721400066481505
Sending report via email,Triggering webhook,0.0024359223924966824,0.0024359223924966824,0.0024359223924966824
Signing release packages,Triggering webhook,-0.012196303057587655,0.012196303057587655,-0.008689484294168177
Starting CI job,Triggering webhook,0.000661752238328434,0.000661752238328434,0.000661752238328434
Syncing mirrors,Triggering webhook,-0.0005776409348529967,0.0005776409348529967,-0.0002880960228108182
Syncing with GitHub,Triggering webhook,-0.0010312877542699415,0.0010312877542699415,-0.0010312877542699415
"TRACE socket recv timeout, backing off 200ms",Triggering webhook,-0.0028313004761837592,0.0028313004761837592,-0.0028313004761837592
Tagging Docker image,Triggering webhook,-0.0007149489820501304,0.0007149489820501304,-0.0007149489820501304
Tracking build metrics,Triggering webhook,0.0004496981503321806,0.0004496981503321806,0.0004496981503321806
Triggering downstream jobs,Triggering webhook,0.004763286325877128,0.004763286325877128,0.0008519028309692746
Uploading crash reports,Triggering webhook,-0.0038182945820557923,0.0038182945820557923,-0.0038182945820557923
Uploading logs to S3,Triggering webhook,-0.00019475757037733533,0.00019475757037733533,-0.00019475757037733533
Uploading sourcemaps,Triggering webhook,-0.001480218272965901,0.001480218272965901,-6.207421755316826e-05
Validating Kubernetes manifests,Triggering webhook,0.0014150288998388972,0.0014150288998388972,0.0014150288998388972
Verifying checksums,Triggering webhook,-0.00042172949649576326,0.00042172949649576326,-0.00042172949649576326
Verifying dependency integrity,Triggering webhook,-0.0016774886805963878,0.0016774886805963878,-0.0016774886805963878
Verifying digital signatures,Triggering webhook,-0.001505868833570148,0.001505868833570148,-0.001505868833570148
Verifying git tag signature,Triggering webhook,0.0016257929682794384,0.0016257929682794384,0.0016257929682794384
Verifying service health checks,Triggering webhook,-0.0005120985897625882,0.0005120985897625882,-0.0005120985897625882
WARN retrying connection to mirror (attempt 3/5),Triggering webhook,-0.002510329079695763,0.002510329079695763,-0.0008236364245543668
^[[0;31mANSI color spill^[[0m,Triggering webhook,0.002723288561036336,0.002723288561036336,0.002723288561036336
dmesg: CPU soft lockup detected on core 3,Triggering webhook,0.0011313202561446059,0.0011313202561446059,0.000137238924221049
gc: collecting generation 2 ... done,Triggering webhook,0.001958852578446239,0.001958852578446239,0.0009465827410466001
java.lang.NullPointerException at com.example.Main:142,Triggering webhook,0.0058311058521187415,0.0058311058521187415,0.0058311058521187415
Analyzing historical trends,Uploading logs to S3,0.0009871022269191787,0.0009871022269191787,0.0009871022269191787
Analyzing static code,Uploading logs to S3,0.0002312850214229563,0.0002312850214229563,0.0002312850214229563
Creating release notes,Uploading logs to S3,0.001436723427957543,0.001436723427957543,0.001436723427957543
Deploying to staging environment,Uploading logs to S3,0.955910835626903,0.955910835626903,0.955910835626903
Generating documentation with Doxygen,Uploading logs to S3,0.0005789219186779403,0.0005789219186779403,0.0005789219186779403
Out of memory during linking stage,Uploading logs to S3,5.421765537441672e-05,5.421765537441672e-05,5.421765537441672e-05
dmesg: CPU soft lockup detected on core 3,Uploading logs to S3,-0.00010416750550789186,0.00010416750550789186,-0.00010416750550789186
###### random boundary #####,Validating deployment,0.000104139664607385,0.000104139664607385,0.000104139664607385
Analyzing CPU usage,Validating deployment,0.0007705128521796737,0.0007705128521796737,0.0007705128521796737
Analyzing historical trends,Validating deployment,-1.9412952973236642e-05,1.9412952973236642e-05,-1.9412952973236642e-05
Archiving build artifacts,Validating deployment,0.0005795264205091768,0.0005795264205091768,0.0005795264205091768
Backing up database,Validating deployment,-0.0004526047024028342,0.0004526047024028342,-0.0004526047024028342
Building Java classes,Validating deployment,-0.000394786848666635,0.000394786848666635,-0.000394786848666635
Checking available memory,Validating deployment,0.0010086793900947462,0.0010086793900947462,0.0010086793900947462
Checking code style,Validating deployment,0.020832007935408403,0.020832007935408403,0.020832007935408403
Checking database connectivity,Validating deployment,-0.00030670329840472337,0.00030670329840472337,-0.00030670329840472337
Checking out branch,Validating deployment,-0.00013551770411077702,0.00013551770411077702,-0.00013551770411077702
Cleaning Docker cache,Validating deployment,-2.912250229674341e-05,2.912250229674341e-05,-2.912250229674341e-05
Converting markdown to HTML,Validating deployment,6.640799906764597e-06,6.640799906764597e-06,6.640799906764597e-06
Creating new pipeline configuration,Validating deployment,0.991965238623443,0.991965238623443,0.9909284319283362
Creating release notes,Validating deployment,6.902497948876486e-05,6.902497948876486e-05,6.902497948876486e-05
Decrypting configuration files,Validating deployment,-1.6899123511548667e-05,1.6899123511548667e-05,-1.6899123511548667e-05
Deploying to production,Validating deployment,0.0014308879941373775,0.0014308879941373775,0.0014308879941373775
Deploying to staging environment,Validating deployment,-0.00035687482516533317,0.00035687482516533317,-0.00035687482516533317
Deprecated function used,Validating deployment,0.01811218764493182,0.01811218764493182,0.01811218764493182
Encrypting artifacts,Validating deployment,2.966954764738564e-05,2.966954764738564e-05,2.966954764738564e-05
Linker returned non-zero exit code,Validating deployment,-0.003320486147454519,0.003320486147454519,-0.003151745047604567
Logging health status,Validating deployment,-1.270648412981291,1.270648412981291,-0.528557556958086
Measuring memory usage,Validating deployment,-0.00021365349553298854,0.00021365349553298854,-0.00021365349553298854
Merging pull request,Validating deployment,0.0003214431948405095,0.0003214431948405095,0.0003214431948405095
Pushing changes to remote,Validating deployment,-0.013262746287099387,0.013262746287099387,-0.013262746287099387
Rebasing branch,Validating deployment,0.00013993459153436997,0.00013993459153436997,0.00013993459153436997
Restoring database,Validating deployment,-0.0001323267350154096,0.0001323267350154096,-0.0001323267350154096
Running linter checks,Validating deployment,0.0001957436616659234,0.0001957436616659234,0.0001957436616659234
Running performance tests,Validating deployment,0.0015647144747840723,0.0015647144747840723,0.0015647144747840723
Running regression tests,Validating deployment,0.0014802631352676477,0.0014802631352676477,0.0014802631352676477
Running security scan,Validating deployment,-0.00010143799243254548,0.00010143799243254548,-0.00010143799243254548
Running smoke tests,Validating deployment,-0.002595891179504796,0.002595891179504796,-0.002595891179504796
Running unit tests,Validating deployment,-0.003687279379112313,0.003687279379112313,-0.00022359740913435342
Sending Slack notification,Validating deployment,-0.0013082845736121591,0.0013082845736121591,-0.0013082845736121591
Sending report via email,Validating deployment,0.006905092170726345,0.006905092170726345,0.006905092170726345
Signing release packages,Validating deployment,0.6428348636059894,0.6428348636059894,0.6428348636059894
Starting CI job,Validating deployment,0.0005567791616446027,0.0005567791616446027,0.0005567791616446027
Syncing mirrors,Validating deployment,-0.00037938542995676533,0.00037938542995676533,-0.00037938542995676533
Syncing with GitHub,Validating deployment,9.235942563754566e-05,9.235942563754566e-05,9.235942563754566e-05
"TRACE socket recv timeout, backing off 200ms",Validating deployment,0.0017482731921626283,0.0017482731921626283,0.000757944028638985
Tracking build metrics,Validating deployment,0.003066430594022217,0.003066430594022217,0.0011775013747799684
Triggering downstream jobs,Validating deployment,-0.00445250629700037,0.00445250629700037,-0.00445250629700037
Uploading crash reports,Validating deployment,0.00395812716929621,0.00395812716929621,0.00395812716929621
Uploading logs to S3,Validating deployment,0.0005039968702517747,0.0005039968702517747,0.0002799499486117081
Uploading sourcemaps,Validating deployment,-0.0029359435771018167,0.0029359435771018167,-0.0029359435771018167
Validating Kubernetes manifests,Validating deployment,0.000994882259828484,0.000994882259828484,0.000994882259828484
Verifying checksums,Validating deployment,0.001054074979298377,0.001054074979298377,0.001054074979298377
Verifying dependency integrity,Validating deployment,-0.0020843468044377898,0.0020843468044377898,-0.0020843468044377898
Verifying git tag signature,Validating deployment,0.002790784528740045,0.002790784528740045,0.0023971150324710467
Verifying service health checks,Validating deployment,0.003351025596475173,0.003351025596475173,0.003351025596475173
WARN retrying connection to mirror (attempt 3/5),Validating deployment,-0.0007216419488481885,0.0007216419488481885,-0.0005142742800925662
^[[0;31mANSI color spill^[[0m,Validating deployment,-0.0022019344794660116,0.0022019344794660116,-0.0022019344794660116
java.lang.NullPointerException at com.example.Main:142,Validating deployment,-0.00023283690452022217,0.00023283690452022217,-0.00023283690452022217
Compiling TypeScript files,Verifying checksums,-0.02260824621394159,0.02260824621394159,-0.02260824621394159
Creating new pipeline configuration,Verifying checksums,0.6194982367945154,0.6194982367945154,0.6194982367945154
Generating documentation with Doxygen,Verifying checksums,0.059824118292856936,0.059824118292856936,0.059824118292856936
Sending Slack notification,Verifying checksums,0.000999644279601327,0.000999644279601327,0.000999644279601327
Uploading logs to S3,Verifying checksums,-0.0014215072017538302,0.0014215072017538302,-0.0014215072017538302
Analyzing historical trends,Verifying dependency integrity,0.0058530543341811965,0.0058530543341811965,0.0058530543341811965
Backing up database,Verifying dependency integrity,5.897823098261645e-05,5.897823098261645e-05,5.897823098261645e-05
Entering compilation loop,Verifying dependency integrity,0.006273003576373463,0.006273003576373463,0.006273003576373463
###### random boundary #####,WARN retrying connection to mirror (attempt 3/5),0.036912331381638255,0.036912331381638255,0.036912331381638255
Analyzing CPU usage,WARN retrying connection to mirror (attempt 3/5),-0.013405598815448568,0.013405598815448568,-0.006912813504264739
Analyzing historical trends,WARN retrying connection to mirror (attempt 3/5),0.018275532540840002,0.018275532540840002,0.0014335069447282429
Analyzing static code,WARN retrying connection to mirror (attempt 3/5),0.0028145265894056653,0.0028145265894056653,0.0028145265894056653
Archiving build artifacts,WARN retrying connection to mirror (attempt 3/5),-0.020629653237890243,0.020629653237890243,-0.020289978683532946
Building CXX object,WARN retrying connection to mirror (attempt 3/5),0.00139604513470751,0.00139604513470751,0.00139604513470751
Building Java classes,WARN retrying connection to mirror (attempt 3/5),0.0022108522866549534,0.0022108522866549534,0.0022108522866549534
Checking available memory,WARN retrying connection to mirror (attempt 3/5),0.04470316309284629,0.04470316309284629,0.04470316309284629
Checking code style,WARN retrying connection to mirror (attempt 3/5),0.04971929781022115,0.04971929781022115,0.029367392636968345
Checking database connectivity,WARN retrying connection to mirror (attempt 3/5),0.045788588532574004,0.045788588532574004,0.045788588532574004
Checking out branch,WARN retrying connection to mirror (attempt 3/5),0.05422968432540706,0.05422968432540706,0.03314969224741983
Cleaning Docker cache,WARN retrying connection to mirror (attempt 3/5),-0.0017780176602190138,0.0017780176602190138,-0.0012801015233618136
Cloning repository,WARN retrying connection to mirror (attempt 3/5),0.0002767435795401522,0.0002767435795401522,0.0002767435795401522
Compiling TypeScript files,WARN retrying connection to mirror (attempt 3/5),0.007281809153502161,0.007281809153502161,0.0030815536148243194
Compressing log files,WARN retrying connection to mirror (attempt 3/5),0.050879978091247405,0.050879978091247405,0.050879978091247405
Configuring build environment,WARN retrying connection to mirror (attempt 3/5),-0.007952436654625026,0.007952436654625026,-0.0044674054711339225
Converting markdown to HTML,WARN retrying connection to mirror (attempt 3/5),0.007414488741434336,0.007414488741434336,0.007414488741434336
Creating Jira ticket,WARN retrying connection to mirror (attempt 3/5),0.00043398030132422007,0.00043398030132422007,0.00043398030132422007
Creating git tag,WARN retrying connection to mirror (attempt 3/5),0.013738193333550846,0.013738193333550846,0.013738193333550846
Creating new pipeline configuration,WARN retrying connection to mirror (attempt 3/5),-0.005890682338491167,0.005890682338491167,-0.00578601884296585
Creating release notes,WARN retrying connection to mirror (attempt 3/5),0.0005151299964868078,0.0005151299964868078,0.0005151299964868078
Creating version header,WARN retrying connection to mirror (attempt 3/5),0.014225489670731603,0.014225489670731603,0.0037579207605228657
Decrypting configuration files,WARN retrying connection to mirror (attempt 3/5),0.002211962336958881,0.002211962336958881,0.002211962336958881
Dependency chain resolved,WARN retrying connection to mirror (attempt 3/5),-0.011933083324262095,0.011933083324262095,-0.0023855307450547005
Deploying Helm charts,WARN retrying connection to mirror (attempt 3/5),0.05274663796549732,0.05274663796549732,0.05274663796549732
Deploying to staging environment,WARN retrying connection to mirror (attempt 3/5),-0.008011940629246627,0.008011940629246627,-0.004023460532179647
Encrypting artifacts,WARN retrying connection to mirror (attempt 3/5),0.007041214218677373,0.007041214218677373,0.007041214218677373
Entering compilation loop,WARN retrying connection to mirror (attempt 3/5),4.316193647989107e-05,4.316193647989107e-05,4.316193647989107e-05
Finalizing CI job,WARN retrying connection to mirror (attempt 3/5),0.1196199983007198,0.1196199983007198,0.1196199983007198
Formatting source code,WARN retrying connection to mirror (attempt 3/5),0.06184776073666321,0.06184776073666321,0.05333339755557002
Generating code coverage report,WARN retrying connection to mirror (attempt 3/5),0.005032646801155422,0.005032646801155422,0.0049630317208744544
Generating documentation with Doxygen,WARN retrying connection to mirror (attempt 3/5),0.003125148106416643,0.003125148106416643,0.003125148106416643
Generating system diagnostics,WARN retrying connection to mirror (attempt 3/5),-0.0009772313399211549,0.0009772313399211549,-0.0009772313399211549
Installing dependencies,WARN retrying connection to mirror (attempt 3/5),0.004235559920101217,0.004235559920101217,0.004235559920101217
Linker returned non-zero exit code,WARN retrying connection to mirror (attempt 3/5),-0.010885401722269929,0.010885401722269929,-0.010885401722269929
Linking CXX executable,WARN retrying connection to mirror (attempt 3/5),0.004511074143061371,0.004511074143061371,0.0034022688043757435
Logging health status,WARN retrying connection to mirror (attempt 3/5),0.005234630667914473,0.005234630667914473,0.005234630667914473
Measuring memory usage,WARN retrying connection to mirror (attempt 3/5),-0.00560306811416929,0.00560306811416929,-0.00560306811416929
Merging pull request,WARN retrying connection to mirror (attempt 3/5),0.003407197527971465,0.003407197527971465,0.003407197527971465
Migrating database schema,WARN retrying connection to mirror (attempt 3/5),0.002167116818826235,0.002167116818826235,0.001485082649695488
Monitoring build agents,WARN retrying connection to mirror (attempt 3/5),-0.007799306178726181,0.007799306178726181,-0.0039467246838556175
Notifying release manager,WARN retrying connection to mirror (attempt 3/5),0.0025044498533159498,0.0025044498533159498,0.0025044498533159498
Optimizing assets,WARN retrying connection to mirror (attempt 3/5),-0.002673872841281415,0.002673872841281415,-0.002673872841281415
Out of memory during linking stage,WARN retrying connection to mirror (attempt 3/5),0.0060855999832767835,0.0060855999832767835,0.0022223977905241037
Patching vulnerabilities,WARN retrying connection to mirror (attempt 3/5),0.014328186381635185,0.014328186381635185,0.011611712340549397
Pulling Docker base image,WARN retrying connection to mirror (attempt 3/5),0.000399004697601644,0.000399004697601644,0.000399004697601644
Pushing Docker image,WARN retrying connection to mirror (attempt 3/5),0.0012096252773162095,0.0012096252773162095,0.0012096252773162095
Pushing changes to remote,WARN retrying connection to mirror (attempt 3/5),-0.0025778615177878047,0.0025778615177878047,-0.0025778615177878047
Rebalancing workloads,WARN retrying connection to mirror (attempt 3/5),-0.0012189166600934925,0.0012189166600934925,-0.0012189166600934925
Rebasing branch,WARN retrying connection to mirror (attempt 3/5),-0.002674190134701861,0.002674190134701861,-0.002674190134701861
Rebooting build server,WARN retrying connection to mirror (attempt 3/5),-0.0022017915163688347,0.0022017915163688347,-0.00015149064176209833
Reporting test results,WARN retrying connection to mirror (attempt 3/5),0.003815415863710419,0.003815415863710419,0.0015706313078375127
Restarting database service,WARN retrying connection to mirror (attempt 3/5),0.004954177194313459,0.004954177194313459,0.003326462097109157
Restarting failed containers,WARN retrying connection to mirror (attempt 3/5),-0.00021205254934723988,0.00021205254934723988,-0.00021205254934723988
Restoring database,WARN retrying connection to mirror (attempt 3/5),-0.001826368976359651,0.001826368976359651,-0.001826368976359651
Running integration tests,WARN retrying connection to mirror (attempt 3/5),-0.025740596540300822,0.025740596540300822,-0.025740596540300822
Running linter checks,WARN retrying connection to mirror (attempt 3/5),-0.004446538338567586,0.004446538338567586,-0.0026425543088267906
Running performance tests,WARN retrying connection to mirror (attempt 3/5),-0.0002612118509398031,0.0002612118509398031,-0.0002612118509398031
Running regression tests,WARN retrying connection to mirror (attempt 3/5),-0.000756772530596394,0.000756772530596394,-0.000756772530596394
Running security scan,WARN retrying connection to mirror (attempt 3/5),0.005476888174533608,0.005476888174533608,0.005476888174533608
Running unit tests,WARN retrying connection to mirror (attempt 3/5),0.0007062540086869067,0.0007062540086869067,0.0007062540086869067
Scanning for secrets in code,WARN retrying connection to mirror (attempt 3/5),-0.0004057142824100354,0.0004057142824100354,-0.0004057142824100354
Seeding database,WARN retrying connection to mirror (attempt 3/5),0.0011129701212770676,0.0011129701212770676,0.0011129701212770676
Sending Slack notification,WARN retrying connection to mirror (attempt 3/5),0.0017230204811176457,0.0017230204811176457,0.0008944997009438954
Sending report via email,WARN retrying connection to mirror (attempt 3/5),-0.00029149884265783664,0.00029149884265783664,-0.00029149884265783664
Signing release packages,WARN retrying connection to mirror (attempt 3/5),0.003050227082534413,0.003050227082534413,0.003050227082534413
Starting CI job,WARN retrying connection to mirror (attempt 3/5),-0.0022916455010189175,0.0022916455010189175,-0.0022916455010189175
Syncing with GitHub,WARN retrying connection to mirror (attempt 3/5),-0.0031867866385362656,0.0031867866385362656,-0.0031867866385362656
Tagging Docker image,WARN retrying connection to mirror (attempt 3/5),0.0025810712680839113,0.0025810712680839113,0.0025810712680839113
Tracking build metrics,WARN retrying connection to mirror (attempt 3/5),-0.0017229210320733952,0.0017229210320733952,-0.0017229210320733952
Triggering downstream jobs,WARN retrying connection to mirror (attempt 3/5),-0.005329356496443023,0.005329356496443023,-0.003384589189529136
Triggering webhook,WARN retrying connection to mirror (attempt 3/5),0.0026711084587276663,0.0026711084587276663,0.0026711084587276663
Uploading logs to S3,WARN retrying connection to mirror (attempt 3/5),-0.0007016541459902659,0.0007016541459902659,-0.0007016541459902659
Uploading sourcemaps,WARN retrying connection to mirror (attempt 3/5),2.393243482227899e-05,2.393243482227899e-05,2.393243482227899e-05
Validating Kubernetes manifests,WARN retrying connection to mirror (attempt 3/5),0.006930355817290192,0.006930355817290192,0.004940998128663973
Verifying digital signatures,WARN retrying connection to mirror (attempt 3/5),0.001020812959536749,0.001020812959536749,0.001020812959536749
Verifying git tag signature,WARN retrying connection to mirror (attempt 3/5),-0.0006832990043059889,0.0006832990043059889,-0.0006832990043059889
Verifying service health checks,WARN retrying connection to mirror (attempt 3/5),0.007920098284819405,0.007920098284819405,0.007920098284819405
^[[0;31mANSI color spill^[[0m,WARN retrying connection to mirror (attempt 3/5),0.005447646657740974,0.005447646657740974,0.005447646657740974
gc: collecting generation 2 ... done,WARN retrying connection to mirror (attempt 3/5),-0.0026236384915844365,0.0026236384915844365,-0.0026236384915844365
java.lang.NullPointerException at com.example.Main:142,WARN retrying connection to mirror (attempt 3/5),-0.009654857527389192,0.009654857527389192,-0.009654857527389192
###### random boundary #####,^[[0;31mANSI color spill^[[0m,0.04780843962383663,0.04780843962383663,0.04780843962383663
Analyzing CPU usage,^[[0;31mANSI color spill^[[0m,-0.009343945826889083,0.009343945826889083,-0.009343945826889083
Analyzing historical trends,^[[0;31mANSI color spill^[[0m,0.019675826952375616,0.019675826952375616,0.007782087528513426
Analyzing static code,^[[0;31mANSI color spill^[[0m,0.005527888458166108,0.005527888458166108,0.005527888458166108
Archiving build artifacts,^[[0;31mANSI color spill^[[0m,-0.018595226748552345,0.018595226748552345,-0.017866495133285885
Backing up database,^[[0;31mANSI color spill^[[0m,0.00020093443334390094,0.00020093443334390094,0.00020093443334390094
Building CXX object,^[[0;31mANSI color spill^[[0m,0.0024193812252611816,0.0024193812252611816,0.0024193812252611816
Building Java classes,^[[0;31mANSI color spill^[[0m,0.0037308228809021346,0.0037308228809021346,0.0037308228809021346
Checking available memory,^[[0;31mANSI color spill^[[0m,0.047217314780504054,0.047217314780504054,0.047217314780504054
Checking code style,^[[0;31mANSI color spill^[[0m,0.0468401504990356,0.0468401504990356,0.025125219587834865
Checking database connectivity,^[[0;31mANSI color spill^[[0m,0.04842999624388486,0.04842999624388486,0.04842999624388486
Checking disk space,^[[0;31mANSI color spill^[[0m,0.003864091132852124,0.003864091132852124,0.003864091132852124
Checking out branch,^[[0;31mANSI color spill^[[0m,0.04946853890221682,0.04946853890221682,0.03065124576604416
Cleaning Docker cache,^[[0;31mANSI color spill^[[0m,0.013271026257579303,0.013271026257579303,0.013271026257579303
Compiling TypeScript files,^[[0;31mANSI color spill^[[0m,-0.002711924659170243,0.002711924659170243,-0.0016413022535424326
Compressing log files,^[[0;31mANSI color spill^[[0m,0.052614298166025975,0.052614298166025975,0.052614298166025975
Configuring build environment,^[[0;31mANSI color spill^[[0m,-0.005832804297524006,0.005832804297524006,-0.005832804297524006
Converting markdown to HTML,^[[0;31mANSI color spill^[[0m,0.002046255435595723,0.002046255435595723,0.002046255435595723
Creating Jira ticket,^[[0;31mANSI color spill^[[0m,0.0047158271540577315,0.0047158271540577315,0.0047158271540577315
Creating git tag,^[[0;31mANSI color spill^[[0m,0.002339087105995581,0.002339087105995581,0.002339087105995581
Creating new pipeline configuration,^[[0;31mANSI color spill^[[0m,-0.00947512978426385,0.00947512978426385,-0.00947512978426385
Creating release notes,^[[0;31mANSI color spill^[[0m,0.0018573440370376654,0.0018573440370376654,0.0018573440370376654
Creating version header,^[[0;31mANSI color spill^[[0m,0.010456178589557625,0.010456178589557625,0.003989619034957034
Decrypting configuration files,^[[0;31mANSI color spill^[[0m,0.0005070215622961584,0.0005070215622961584,0.0005070215622961584
Dependency chain resolved,^[[0;31mANSI color spill^[[0m,-0.008184975444916903,0.008184975444916903,-0.005013797507051084
Deploying Helm charts,^[[0;31mANSI color spill^[[0m,0.047590962999065206,0.047590962999065206,0.047590962999065206
Deploying to production,^[[0;31mANSI color spill^[[0m,0.0035667741952503775,0.0035667741952503775,0.0035667741952503775
Deploying to staging environment,^[[0;31mANSI color spill^[[0m,0.010474446505100023,0.010474446505100023,0.0010698442288344127
Deprecated function used,^[[0;31mANSI color spill^[[0m,0.0004376800516957768,0.0004376800516957768,0.0004376800516957768
Encrypting artifacts,^[[0;31mANSI color spill^[[0m,0.0045588096532270216,0.0045588096532270216,0.0045588096532270216
Entering compilation loop,^[[0;31mANSI color spill^[[0m,0.04297012930471453,0.04297012930471453,0.04297012930471453
Finalizing CI job,^[[0;31mANSI color spill^[[0m,0.09652168305372918,0.09652168305372918,0.09652168305372918
Formatting source code,^[[0;31mANSI color spill^[[0m,0.055264166287624074,0.055264166287624074,0.05316290346133338
Generating documentation with Doxygen,^[[0;31mANSI color spill^[[0m,0.012807196620519106,0.012807196620519106,0.012807196620519106
Generating system diagnostics,^[[0;31mANSI color spill^[[0m,0.0041870802101906445,0.0041870802101906445,0.0041870802101906445
Installing dependencies,^[[0;31mANSI color spill^[[0m,0.002866580139979531,0.002866580139979531,0.002866580139979531
Linker returned non-zero exit code,^[[0;31mANSI color spill^[[0m,-0.006510558381556482,0.006510558381556482,-0.006510558381556482
Linking CXX executable,^[[0;31mANSI color spill^[[0m,0.004626564035232253,0.004626564035232253,0.004626564035232253
Linking shared libraries,^[[0;31mANSI color spill^[[0m,0.0013755709281868605,0.0013755709281868605,0.0013755709281868605
Logging build statistics,^[[0;31mANSI color spill^[[0m,-0.0007803719314472481,0.0007803719314472481,-0.0007803719314472481
Logging health status,^[[0;31mANSI color spill^[[0m,0.017275475775460184,0.017275475775460184,0.015514600574833828
Measuring memory usage,^[[0;31mANSI color spill^[[0m,-0.004327644520361066,0.004327644520361066,-0.004327644520361066
Merging pull request,^[[0;31mANSI color spill^[[0m,-0.0011372030691956226,0.0011372030691956226,-0.0011372030691956226
Migrating database schema,^[[0;31mANSI color spill^[[0m,0.0031253099315802107,0.0031253099315802107,0.0031253099315802107
Monitoring build agents,^[[0;31mANSI color spill^[[0m,0.006682440391188806,0.006682440391188806,0.0019652398956142717
Notifying release manager,^[[0;31mANSI color spill^[[0m,-0.0009713652920858841,0.0009713652920858841,-0.0009713652920858841
Optimizing assets,^[[0;31mANSI color spill^[[0m,0.0018902416318378615,0.0018902416318378615,0.0007912268084321084
Out of memory during linking stage,^[[0;31mANSI color spill^[[0m,-0.005491463329835403,0.005491463329835403,-0.005451298079979218
Patching vulnerabilities,^[[0;31mANSI color spill^[[0m,0.011356581369011068,0.011356581369011068,0.009535647251365369
Publishing site,^[[0;31mANSI color spill^[[0m,0.003325523799073715,0.003325523799073715,0.003325523799073715
Pulling Docker base image,^[[0;31mANSI color spill^[[0m,0.004121917958493782,0.004121917958493782,0.0018098577510495362
Pushing changes to remote,^[[0;31mANSI color spill^[[0m,0.0012498854396671428,0.0012498854396671428,0.0012498854396671428
Rebalancing workloads,^[[0;31mANSI color spill^[[0m,0.0008447295031002958,0.0008447295031002958,0.0008447295031002958
Rebasing branch,^[[0;31mANSI color spill^[[0m,-0.0008855022525602849,0.0008855022525602849,-0.0008855022525602849
Rebooting build server,^[[0;31mANSI color spill^[[0m,-0.0010305430283968056,0.0010305430283968056,-0.0010305430283968056
Rebuilding failed jobs,^[[0;31mANSI color spill^[[0m,-0.0024818753467871386,0.0024818753467871386,-0.0004952573220273634
Reporting test results,^[[0;31mANSI color spill^[[0m,0.0018937400520086414,0.0018937400520086414,0.0018937400520086414
Restarting database service,^[[0;31mANSI color spill^[[0m,0.005835038031778995,0.005835038031778995,0.005835038031778995
Restarting failed containers,^[[0;31mANSI color spill^[[0m,-0.0006846329020125349,0.0006846329020125349,-0.0006846329020125349
Restoring database,^[[0;31mANSI color spill^[[0m,-0.0008922639404586724,0.0008922639404586724,-0.0008922639404586724
Reviewing dependencies,^[[0;31mANSI color spill^[[0m,0.002594406946678014,0.002594406946678014,0.002594406946678014
Running integration tests,^[[0;31mANSI color spill^[[0m,-0.024864287231571882,0.024864287231571882,-0.024864287231571882
Running linter checks,^[[0;31mANSI color spill^[[0m,-0.0011933769707350725,0.0011933769707350725,-0.0011933769707350725
Running performance tests,^[[0;31mANSI color spill^[[0m,-0.000574633025928206,0.000574633025928206,-0.000574633025928206
Running regression tests,^[[0;31mANSI color spill^[[0m,0.006702566097952872,0.006702566097952872,0.0016855131116286417
Running security scan,^[[0;31mANSI color spill^[[0m,0.0028440579208478755,0.0028440579208478755,0.0028440579208478755
Running unit tests,^[[0;31mANSI color spill^[[0m,0.0027521415249992954,0.0027521415249992954,0.0027521415249992954
Scanning for secrets in code,^[[0;31mANSI color spill^[[0m,0.0014857024016705217,0.0014857024016705217,0.0014857024016705217
Seeding database,^[[0;31mANSI color spill^[[0m,-0.001026281608639524,0.001026281608639524,-0.001026281608639524
Sending report via email,^[[0;31mANSI color spill^[[0m,0.007759174406896398,0.007759174406896398,0.007759174406896398
Signing release packages,^[[0;31mANSI color spill^[[0m,-0.009542318416833197,0.009542318416833197,-0.009542318416833197
Starting CI job,^[[0;31mANSI color spill^[[0m,0.00275571642424462,0.00275571642424462,1.74952996911692e-05
Syncing mirrors,^[[0;31mANSI color spill^[[0m,0.002576123982291954,0.002576123982291954,0.00013647152164784774
Syncing with GitHub,^[[0;31mANSI color spill^[[0m,0.006047942283151995,0.006047942283151995,0.0011857860839283845
"TRACE socket recv timeout, backing off 200ms",^[[0;31mANSI color spill^[[0m,0.0015895461186873833,0.0015895461186873833,0.0015895461186873833
Tagging Docker image,^[[0;31mANSI color spill^[[0m,0.0019022054929189387,0.0019022054929189387,0.0019022054929189387
Triggering downstream jobs,^[[0;31mANSI color spill^[[0m,-0.0016492723563344496,0.0016492723563344496,-0.0016492723563344496
Uploading crash reports,^[[0;31mANSI color spill^[[0m,-0.0015172261483106526,0.0015172261483106526,-0.0015172261483106526
Uploading logs to S3,^[[0;31mANSI color spill^[[0m,-0.0013923644480717896,0.0013923644480717896,-0.0013923644480717896
Uploading sourcemaps,^[[0;31mANSI color spill^[[0m,0.003895037408822988,0.003895037408822988,0.003895037408822988
Validating Kubernetes manifests,^[[0;31mANSI color spill^[[0m,0.002578981179098786,0.002578981179098786,0.0022159250504474857
Validating deployment,^[[0;31mANSI color spill^[[0m,0.0003004121939139698,0.0003004121939139698,0.0003004121939139698
Verifying checksums,^[[0;31mANSI color spill^[[0m,-0.0007773194746497245,0.0007773194746497245,-0.0007773194746497245
Verifying dependency integrity,^[[0;31mANSI color spill^[[0m,4.412374045916934e-05,4.412374045916934e-05,4.412374045916934e-05
Verifying digital signatures,^[[0;31mANSI color spill^[[0m,0.007581311232181876,0.007581311232181876,0.007581311232181876
Verifying git tag signature,^[[0;31mANSI color spill^[[0m,-0.0025470329926470512,0.0025470329926470512,-0.0025470329926470512
WARN retrying connection to mirror (attempt 3/5),^[[0;31mANSI color spill^[[0m,0.00361727558364729,0.00361727558364729,0.0017320957477677604
gc: collecting generation 2 ... done,^[[0;31mANSI color spill^[[0m,-0.00974047033861514,0.00974047033861514,-0.00974047033861514
java.lang.NullPointerException at com.example.Main:142,^[[0;31mANSI color spill^[[0m,-0.012112802136591274,0.012112802136591274,-0.012112802136591274
###### random boundary #####,dmesg: CPU soft lockup detected on core 3,0.049024617875327234,0.049024617875327234,0.049024617875327234
Analyzing CPU usage,dmesg: CPU soft lockup detected on core 3,-0.012715437704680246,0.012715437704680246,-0.008302971164069304
Analyzing historical trends,dmesg: CPU soft lockup detected on core 3,-0.016201193423258736,0.016201193423258736,-0.0033624527859304042
Analyzing static code,dmesg: CPU soft lockup detected on core 3,0.003452421710789701,0.003452421710789701,0.003452421710789701
Archiving build artifacts,dmesg: CPU soft lockup detected on core 3,-0.02520522411740779,0.02520522411740779,-0.02520522411740779
Checking available memory,dmesg: CPU soft lockup detected on core 3,0.03758197130603762,0.03758197130603762,0.03758197130603762
Checking code style,dmesg: CPU soft lockup detected on core 3,0.05495323267554304,0.05495323267554304,0.032812633373206224
Checking database connectivity,dmesg: CPU soft lockup detected on core 3,0.04107833220243507,0.04107833220243507,0.04107833220243507
Checking out branch,dmesg: CPU soft lockup detected on core 3,0.05191068970530696,0.05191068970530696,0.02647735650099925
Cleaning Docker cache,dmesg: CPU soft lockup detected on core 3,-0.0006589890253930284,0.0006589890253930284,-0.0006589890253930284
Compiling TypeScript files,dmesg: CPU soft lockup detected on core 3,-0.0012484507106096255,0.0012484507106096255,-0.0012014885589686668
Compressing log files,dmesg: CPU soft lockup detected on core 3,0.041717695359425544,0.041717695359425544,0.041717695359425544
Configuring build environment,dmesg: CPU soft lockup detected on core 3,-0.010864129972966905,0.010864129972966905,-0.00027960839123953446
Converting markdown to HTML,dmesg: CPU soft lockup detected on core 3,0.006808251561715684,0.006808251561715684,0.006808251561715684
Creating git tag,dmesg: CPU soft lockup detected on core 3,0.006358093373624363,0.006358093373624363,0.006358093373624363
Creating new pipeline configuration,dmesg: CPU soft lockup detected on core 3,-0.0038047670801664452,0.0038047670801664452,-0.0008669840033559391
Creating release notes,dmesg: CPU soft lockup detected on core 3,0.002941273789399901,0.002941273789399901,0.002941273789399901
Creating version header,dmesg: CPU soft lockup detected on core 3,0.008663788842969282,0.008663788842969282,0.0024278425869476996
Dependency chain resolved,dmesg: CPU soft lockup detected on core 3,-0.010563676145954706,0.010563676145954706,-0.003532042973721738
Deploying Helm charts,dmesg: CPU soft lockup detected on core 3,0.05361053818969372,0.05361053818969372,0.05361053818969372
Deploying to production,dmesg: CPU soft lockup detected on core 3,0.0031108116534887317,0.0031108116534887317,0.0031108116534887317
Deploying to staging environment,dmesg: CPU soft lockup detected on core 3,-0.009887332022870279,0.009887332022870279,-0.003353492161011208
Deprecated function used,dmesg: CPU soft lockup detected on core 3,0.0054811452434047545,0.0054811452434047545,0.0054811452434047545
Encrypting artifacts,dmesg: CPU soft lockup detected on core 3,0.001721277275271297,0.001721277275271297,0.001721277275271297
Entering compilation loop,dmesg: CPU soft lockup detected on core 3,0.05175944872717002,0.05175944872717002,0.05175944872717002
Finalizing CI job,dmesg: CPU soft lockup detected on core 3,0.09217341662186673,0.09217341662186673,0.09217341662186673
Formatting source code,dmesg: CPU soft lockup detected on core 3,0.04152444439455192,0.04152444439455192,0.04060631639636061
Generating documentation with Doxygen,dmesg: CPU soft lockup detected on core 3,0.0008024277965349364,0.0008024277965349364,0.0008024277965349364
Generating system diagnostics,dmesg: CPU soft lockup detected on core 3,-0.0002418992169710571,0.0002418992169710571,-0.0002418992169710571
Installing dependencies,dmesg: CPU soft lockup detected on core 3,-0.0006815031963092015,0.0006815031963092015,-0.0006815031963092015
Linker returned non-zero exit code,dmesg: CPU soft lockup detected on core 3,-0.003243800447045557,0.003243800447045557,-0.003243800447045557
Linking CXX executable,dmesg: CPU soft lockup detected on core 3,0.0005114610791625408,0.0005114610791625408,0.0005114610791625408
Logging health status,dmesg: CPU soft lockup detected on core 3,0.003427228412078698,0.003427228412078698,0.003427228412078698
Merging pull request,dmesg: CPU soft lockup detected on core 3,0.0019469820360310747,0.0019469820360310747,0.0019469820360310747
Migrating database schema,dmesg: CPU soft lockup detected on core 3,-0.0004745752305560796,0.0004745752305560796,-0.0004745752305560796
Monitoring build agents,dmesg: CPU soft lockup detected on core 3,0.00877200743186841,0.00877200743186841,0.00045863211181972063
Notifying release manager,dmesg: CPU soft lockup detected on core 3,-0.0012201207929892913,0.0012201207929892913,-0.0012201207929892913
Optimizing assets,dmesg: CPU soft lockup detected on core 3,-0.0009042687403168897,0.0009042687403168897,-0.0009042687403168897
Out of memory during linking stage,dmesg: CPU soft lockup detected on core 3,-0.002337132911667979,0.002337132911667979,-0.002337132911667979
Patching vulnerabilities,dmesg: CPU soft lockup detected on core 3,0.008340705378469999,0.008340705378469999,0.007284481821788372
Publishing artifacts to repository,dmesg: CPU soft lockup detected on core 3,0.0015466218520522625,0.0015466218520522625,0.0015466218520522625
Publishing site,dmesg: CPU soft lockup detected on core 3,0.008782135025399112,0.008782135025399112,0.008782135025399112
Pushing changes to remote,dmesg: CPU soft lockup detected on core 3,-0.00012706142100946572,0.00012706142100946572,-0.00012706142100946572
Rebalancing workloads,dmesg: CPU soft lockup detected on core 3,0.0003613694835433288,0.0003613694835433288,0.0003613694835433288
Rebooting build server,dmesg: CPU soft lockup detected on core 3,0.0005061514486367367,0.0005061514486367367,0.0005061514486367367
Rebuilding failed jobs,dmesg: CPU soft lockup detected on core 3,0.0007528944079688659,0.0007528944079688659,0.0007528944079688659
Reporting test results,dmesg: CPU soft lockup detected on core 3,-0.00019738408751645862,0.00019738408751645862,-0.00019738408751645862
Restarting database service,dmesg: CPU soft lockup detected on core 3,0.0014782475691749012,0.0014782475691749012,0.0014782475691749012
Restarting failed containers,dmesg: CPU soft lockup detected on core 3,-0.000491643242985983,0.000491643242985983,-0.000491643242985983
Reviewing dependencies,dmesg: CPU soft lockup detected on core 3,0.0006006378682575827,0.0006006378682575827,0.0006006378682575827
Running integration tests,dmesg: CPU soft lockup detected on core 3,-0.0187969829938575,0.0187969829938575,-0.0187969829938575
Running linter checks,dmesg: CPU soft lockup detected on core 3,-0.006844504897687734,0.006844504897687734,-0.006844504897687734
Running performance tests,dmesg: CPU soft lockup detected on core 3,0.00189175305623127,0.00189175305623127,0.0006954699221088319
Running regression tests,dmesg: CPU soft lockup detected on core 3,-0.0009545635866722183,0.0009545635866722183,-0.0003206883647138453
Running security scan,dmesg: CPU soft lockup detected on core 3,0.001679955415999102,0.001679955415999102,0.001679955415999102
Scanning for secrets in code,dmesg: CPU soft lockup detected on core 3,-0.0007019018045800951,0.0007019018045800951,-0.0007019018045800951
Seeding database,dmesg: CPU soft lockup detected on core 3,-0.0005664657956998325,0.0005664657956998325,-0.0005664657956998325
Sending Slack notification,dmesg: CPU soft lockup detected on core 3,-0.0008234358753532308,0.0008234358753532308,-3.559801314459291e-05
Sending report via email,dmesg: CPU soft lockup detected on core 3,-0.0030495411944804103,0.0030495411944804103,-0.0030495411944804103
Signing release packages,dmesg: CPU soft lockup detected on core 3,-0.0016573180635851895,0.0016573180635851895,-0.0016573180635851895
Starting CI job,dmesg: CPU soft lockup detected on core 3,-0.003876060317910481,0.003876060317910481,-0.003876060317910481
Syncing mirrors,dmesg: CPU soft lockup detected on core 3,0.0003597969319739063,0.0003597969319739063,0.0003597969319739063
Syncing with GitHub,dmesg: CPU soft lockup detected on core 3,0.011203251653840193,0.011203251653840193,0.0024167397085552034
"TRACE socket recv timeout, backing off 200ms",dmesg: CPU soft lockup detected on core 3,-0.00157130894567712,0.00157130894567712,-0.00157130894567712
Tagging Docker image,dmesg: CPU soft lockup detected on core 3,-0.00019383980287005325,0.00019383980287005325,-0.00019383980287005325
Tracking build metrics,dmesg: CPU soft lockup detected on core 3,0.0055805148785150974,0.0055805148785150974,0.0055805148785150974
Triggering downstream jobs,dmesg: CPU soft lockup detected on core 3,0.0070015798303069456,0.0070015798303069456,0.0002694265139807513
Triggering webhook,dmesg: CPU soft lockup detected on core 3,-0.002598050280354176,0.002598050280354176,-0.002598050280354176
Uploading crash reports,dmesg: CPU soft lockup detected on core 3,0.0019878139942120163,0.0019878139942120163,0.0019878139942120163
Uploading logs to S3,dmesg: CPU soft lockup detected on core 3,0.0009679545942353545,0.0009679545942353545,0.0009679545942353545
Validating deployment,dmesg: CPU soft lockup detected on core 3,0.002239126241491926,0.002239126241491926,0.002239126241491926
Verifying checksums,dmesg: CPU soft lockup detected on core 3,0.002261237652195744,0.002261237652195744,0.002261237652195744
Verifying dependency integrity,dmesg: CPU soft lockup detected on core 3,0.00016100972010250322,0.00016100972010250322,0.00016100972010250322
Verifying digital signatures,dmesg: CPU soft lockup detected on core 3,-0.0007513203686903884,0.0007513203686903884,-0.0007513203686903884
Verifying git tag signature,dmesg: CPU soft lockup detected on core 3,0.005239186050627807,0.005239186050627807,0.001699505299540612
Verifying service health checks,dmesg: CPU soft lockup detected on core 3,-0.0008226643903366297,0.0008226643903366297,-0.0008226643903366297
WARN retrying connection to mirror (attempt 3/5),dmesg: CPU soft lockup detected on core 3,-0.0006885726975103995,0.0006885726975103995,-0.0006885726975103995
gc: collecting generation 2 ... done,dmesg: CPU soft lockup detected on core 3,0.006807051771856204,0.006807051771856204,0.002300080295661907
java.lang.NullPointerException at com.example.Main:142,dmesg: CPU soft lockup detected on core 3,-0.0020319371873094997,0.0020319371873094997,-0.0020319371873094997
###### random boundary #####,gc: collecting generation 2 ... done,0.05207402813501104,0.05207402813501104,0.05207402813501104
Analyzing CPU usage,gc: collecting generation 2 ... done,-0.012026100634811413,0.012026100634811413,-0.009083030877661241
Analyzing historical trends,gc: collecting generation 2 ... done,-0.015252648778005015,0.015252648778005015,-0.005157820392447644
Analyzing static code,gc: collecting generation 2 ... done,0.00018100374779145072,0.00018100374779145072,0.00018100374779145072
Archiving build artifacts,gc: collecting generation 2 ... done,-0.02564554651747954,0.02564554651747954,-0.02564554651747954
Backing up database,gc: collecting generation 2 ... done,0.007578965799600508,0.007578965799600508,0.003449839269739903
Building CXX object,gc: collecting generation 2 ... done,0.0033621703754711466,0.0033621703754711466,0.0033621703754711466
Building Java classes,gc: collecting generation 2 ... done,0.00918346692453369,0.00918346692453369,0.00918346692453369
Checking available memory,gc: collecting generation 2 ... done,0.04560645454442576,0.04560645454442576,0.0451887268775355
Checking code style,gc: collecting generation 2 ... done,0.06623699824948567,0.06623699824948567,0.037934491360871334
Checking database connectivity,gc: collecting generation 2 ... done,0.048522880538818286,0.048522880538818286,0.048522880538818286
Checking disk space,gc: collecting generation 2 ... done,0.004651843096133607,0.004651843096133607,0.004651843096133607
Checking out branch,gc: collecting generation 2 ... done,0.05534590179058015,0.05534590179058015,0.028780653166537905
Cleaning Docker cache,gc: collecting generation 2 ... done,0.004429810722010474,0.004429810722010474,0.004429810722010474
Cloning repository,gc: collecting generation 2 ... done,-0.0005722004579090628,0.0005722004579090628,-6.0975497630979506e-05
Compiling TypeScript files,gc: collecting generation 2 ... done,0.007104840802708401,0.007104840802708401,0.00015265837107339506
Compressing log files,gc: collecting generation 2 ... done,0.04548720397567871,0.04548720397567871,0.04548720397567871
Configuring build environment,gc: collecting generation 2 ... done,-0.008534108488601071,0.008534108488601071,-0.003594658596022174
Converting markdown to HTML,gc: collecting generation 2 ... done,0.0020041902623118006,0.0020041902623118006,0.0020041902623118006
Creating Jira ticket,gc: collecting generation 2 ... done,0.0054252861889992135,0.0054252861889992135,0.005173037629008583
Creating git tag,gc: collecting generation 2 ... done,0.0014356380987703412,0.0014356380987703412,0.0014356380987703412
Creating new pipeline configuration,gc: collecting generation 2 ... done,-0.008378130205134615,0.008378130205134615,-0.00446413638053531
Creating release notes,gc: collecting generation 2 ... done,0.007594054877239483,0.007594054877239483,0.007101318219360078
Creating version header,gc: collecting generation 2 ... done,-0.004510424310359657,0.004510424310359657,-0.004510424310359657
Decrypting configuration files,gc: collecting generation 2 ... done,4.379161361921867e-05,4.379161361921867e-05,4.379161361921867e-05
Dependency chain resolved,gc: collecting generation 2 ... done,-0.005884180526034127,0.005884180526034127,-0.005286763459179529
Deploying Helm charts,gc: collecting generation 2 ... done,0.05037369825859648,0.05037369825859648,0.05037369825859648
Deploying to production,gc: collecting generation 2 ... done,0.0016730003771608327,0.0016730003771608327,0.0016730003771608327
Deploying to staging environment,gc: collecting generation 2 ... done,-0.008905023123169742,0.008905023123169742,-0.004872328532747801
Deprecated function used,gc: collecting generation 2 ... done,0.00249308418946481,0.00249308418946481,0.0020809819651019276
Encrypting artifacts,gc: collecting generation 2 ... done,0.00649822469011152,0.00649822469011152,0.00649822469011152
Entering compilation loop,gc: collecting generation 2 ... done,0.04391520783183086,0.04391520783183086,0.04391520783183086
Finalizing CI job,gc: collecting generation 2 ... done,0.08481564989885865,0.08481564989885865,0.08481564989885865
Formatting source code,gc: collecting generation 2 ... done,0.04241404759637568,0.04241404759637568,0.04241404759637568
Generating code coverage report,gc: collecting generation 2 ... done,0.0026518089809111937,0.0026518089809111937,0.000597047361895573
Generating documentation with Doxygen,gc: collecting generation 2 ... done,0.006445523763916068,0.006445523763916068,0.006445523763916068
Generating system diagnostics,gc: collecting generation 2 ... done,-0.0010045916685217295,0.0010045916685217295,-0.0010045916685217295
Installing dependencies,gc: collecting generation 2 ... done,-0.0006382508901253809,0.0006382508901253809,-0.0006382508901253809
Linker returned non-zero exit code,gc: collecting generation 2 ... done,-0.005342739333782894,0.005342739333782894,-0.005342739333782894
Linking CXX executable,gc: collecting generation 2 ... done,0.002172140311192435,0.002172140311192435,0.00078874636619695
Linking shared libraries,gc: collecting generation 2 ... done,0.00421924968781142,0.00421924968781142,0.00421924968781142
Logging build statistics,gc: collecting generation 2 ... done,-0.005067353329849198,0.005067353329849198,-0.005067353329849198
Logging health status,gc: collecting generation 2 ... done,0.011385609189888596,0.011385609189888596,0.011385609189888596
Measuring memory usage,gc: collecting generation 2 ... done,-0.0053902877242796784,0.0053902877242796784,-0.0053902877242796784
Merging pull request,gc: collecting generation 2 ... done,0.0010639797337315606,0.0010639797337315606,0.0010639797337315606
Monitoring build agents,gc: collecting generation 2 ... done,-0.004541076483694065,0.004541076483694065,-0.004541076483694065
Notifying release manager,gc: collecting generation 2 ... done,-0.0020499739195311024,0.0020499739195311024,-0.00032720249613024893
Optimizing assets,gc: collecting generation 2 ... done,-0.0007326735216369295,0.0007326735216369295,-0.0007326735216369295
Out of memory during linking stage,gc: collecting generation 2 ... done,-0.004961691050693636,0.004961691050693636,-0.004961691050693636
Patching vulnerabilities,gc: collecting generation 2 ... done,0.009857703642777292,0.009857703642777292,0.009857703642777292
Publishing artifacts to repository,gc: collecting generation 2 ... done,-0.0016336118721539967,0.0016336118721539967,-0.0016336118721539967
Publishing site,gc: collecting generation 2 ... done,0.0020160158612982015,0.0020160158612982015,0.0016465572129789033
Pulling Docker base image,gc: collecting generation 2 ... done,0.002747406950294467,0.002747406950294467,0.002747406950294467
Pushing Docker image,gc: collecting generation 2 ... done,0.0008843254720544405,0.0008843254720544405,0.0008843254720544405
Rebalancing workloads,gc: collecting generation 2 ... done,0.007530053439075474,0.007530053439075474,0.007530053439075474
Rebasing branch,gc: collecting generation 2 ... done,0.0018692688304952796,0.0018692688304952796,0.0018692688304952796
Rebuilding failed jobs,gc: collecting generation 2 ... done,-0.0015291362340103328,0.0015291362340103328,-5.629464486259564e-05
Reporting test results,gc: collecting generation 2 ... done,-0.004285196474677655,0.004285196474677655,-0.004285196474677655
Restarting database service,gc: collecting generation 2 ... done,0.004059565934251834,0.004059565934251834,0.0020801298198842326
Restarting failed containers,gc: collecting generation 2 ... done,0.0024589398584996683,0.0024589398584996683,0.0004085809164053372
Restoring database,gc: collecting generation 2 ... done,-0.008159774481283789,0.008159774481283789,-0.0013960825508295433
Reviewing dependencies,gc: collecting generation 2 ... done,-0.0013797164281008658,0.0013797164281008658,-0.0013797164281008658
Running integration tests,gc: collecting generation 2 ... done,-0.012566365811131743,0.012566365811131743,-0.008069559554672853
Running linter checks,gc: collecting generation 2 ... done,-0.024106766499255028,0.024106766499255028,-0.024106766499255028
Running performance tests,gc: collecting generation 2 ... done,0.0026345101460332238,0.0026345101460332238,0.0016677118431433263
Running regression tests,gc: collecting generation 2 ... done,0.000938945004892643,0.000938945004892643,0.000938945004892643
Running security scan,gc: collecting generation 2 ... done,0.0015896810142029916,0.0015896810142029916,0.0015896810142029916
Running smoke tests,gc: collecting generation 2 ... done,-0.0012453147479349316,0.0012453147479349316,-0.0012453147479349316
Running unit tests,gc: collecting generation 2 ... done,0.0010567420220808437,0.0010567420220808437,0.0010567420220808437
Scanning for secrets in code,gc: collecting generation 2 ... done,0.0009829735862290083,0.0009829735862290083,0.0009829735862290083
Seeding database,gc: collecting generation 2 ... done,-0.000962284703795848,0.000962284703795848,-0.00048784012643861296
Sending Slack notification,gc: collecting generation 2 ... done,-0.00197713148270663,0.00197713148270663,-0.00197713148270663
Sending report via email,gc: collecting generation 2 ... done,-0.0021166045969566553,0.0021166045969566553,-0.0021166045969566553
Signing release packages,gc: collecting generation 2 ... done,-0.005400809576987246,0.005400809576987246,-0.005400809576987246
Syncing mirrors,gc: collecting generation 2 ... done,0.003687370840227494,0.003687370840227494,0.0016536520404711369
Syncing with GitHub,gc: collecting generation 2 ... done,-0.00815738313869556,0.00815738313869556,-0.0016183358274434005
Tagging Docker image,gc: collecting generation 2 ... done,0.002871149694911401,0.002871149694911401,0.0013419347558799608
Tracking build metrics,gc: collecting generation 2 ... done,0.0019734691552876008,0.0019734691552876008,0.0019734691552876008
Triggering downstream jobs,gc: collecting generation 2 ... done,0.003625871492343072,0.003625871492343072,0.001092070209651612
Triggering webhook,gc: collecting generation 2 ... done,-0.0022271228768881834,0.0022271228768881834,-0.0022271228768881834
Uploading crash reports,gc: collecting generation 2 ... done,0.0004119794812483532,0.0004119794812483532,0.0004119794812483532
Uploading logs to S3,gc: collecting generation 2 ... done,0.0010078279577482312,0.0010078279577482312,0.0010078279577482312
Uploading sourcemaps,gc: collecting generation 2 ... done,0.002821091414740218,0.002821091414740218,0.002821091414740218
Validating Kubernetes manifests,gc: collecting generation 2 ... done,0.0034299609893969625,0.0034299609893969625,0.0034299609893969625
Validating deployment,gc: collecting generation 2 ... done,-0.0037067897838602114,0.0037067897838602114,-0.0018719322858064792
Verifying checksums,gc: collecting generation 2 ... done,0.003371634912991753,0.003371634912991753,0.003371634912991753
Verifying digital signatures,gc: collecting generation 2 ... done,-0.0011500075646289616,0.0011500075646289616,-0.0011500075646289616
Verifying git tag signature,gc: collecting generation 2 ... done,-0.004576257193827565,0.004576257193827565,-0.0037061125173589796
Verifying service health checks,gc: collecting generation 2 ... done,-0.0012735421792796247,0.0012735421792796247,-0.0012735421792796247
dmesg: CPU soft lockup detected on core 3,gc: collecting generation 2 ... done,-0.002092358103833373,0.002092358103833373,-0.0006975919272940955
java.lang.NullPointerException at com.example.Main:142,gc: collecting generation 2 ... done,-0.0033775796610737195,0.0033775796610737195,-0.0033775796610737195
###### random boundary #####,java.lang.NullPointerException at com.example.Main:142,0.05007966455806169,0.05007966455806169,0.05007966455806169
Analyzing CPU usage,java.lang.NullPointerException at com.example.Main:142,-0.01775340353392337,0.01775340353392337,-0.00627926546919696
Analyzing historical trends,java.lang.NullPointerException at com.example.Main:142,-0.01825642637191109,0.01825642637191109,-0.008595601275443355
Analyzing static code,java.lang.NullPointerException at com.example.Main:142,0.0050630129819303465,0.0050630129819303465,0.0050630129819303465
Archiving build artifacts,java.lang.NullPointerException at com.example.Main:142,-0.02772605191971213,0.02772605191971213,-0.02772605191971213
Backing up database,java.lang.NullPointerException at com.example.Main:142,0.0024981448146247373,0.0024981448146247373,0.0024981448146247373
Building Java classes,java.lang.NullPointerException at com.example.Main:142,0.00208309760292515,0.00208309760292515,0.00208309760292515
Checking available memory,java.lang.NullPointerException at com.example.Main:142,0.04317253459111576,0.04317253459111576,0.04317253459111576
Checking code style,java.lang.NullPointerException at com.example.Main:142,0.057047848847684754,0.057047848847684754,0.026026882789016603
Checking database connectivity,java.lang.NullPointerException at com.example.Main:142,0.0405652448857053,0.0405652448857053,0.0405652448857053
Checking disk space,java.lang.NullPointerException at com.example.Main:142,0.002681401699719904,0.002681401699719904,0.002681401699719904
Checking out branch,java.lang.NullPointerException at com.example.Main:142,0.06637432255775426,0.06637432255775426,0.036394601514721084
Compiling TypeScript files,java.lang.NullPointerException at com.example.Main:142,-0.007154581070145787,0.007154581070145787,-0.0006603398775712581
Compressing log files,java.lang.NullPointerException at com.example.Main:142,0.0446883126194779,0.0446883126194779,0.0446883126194779
Configuring build environment,java.lang.NullPointerException at com.example.Main:142,-0.008095247693968197,0.008095247693968197,-0.006832083944127401
Converting markdown to HTML,java.lang.NullPointerException at com.example.Main:142,0.003421693702338517,0.003421693702338517,0.003421693702338517
Creating git tag,java.lang.NullPointerException at com.example.Main:142,0.0032781302065278293,0.0032781302065278293,0.0032781302065278293
Creating new pipeline configuration,java.lang.NullPointerException at com.example.Main:142,-0.003608808107194783,0.003608808107194783,-0.003608808107194783
Creating release notes,java.lang.NullPointerException at com.example.Main:142,0.00030441504626955784,0.00030441504626955784,0.00030441504626955784
Creating version header,java.lang.NullPointerException at com.example.Main:142,0.012693576010938543,0.012693576010938543,0.0002800078886613516
Decrypting configuration files,java.lang.NullPointerException at com.example.Main:142,0.003050015760019592,0.003050015760019592,0.0021382879083743124
Dependency chain resolved,java.lang.NullPointerException at com.example.Main:142,-0.01018512858274333,0.01018512858274333,-0.006517879359816707
Deploying Helm charts,java.lang.NullPointerException at com.example.Main:142,0.0385060264024213,0.0385060264024213,0.0385060264024213
Deploying to staging environment,java.lang.NullPointerException at com.example.Main:142,-0.007709371966229924,0.007709371966229924,-0.0074064924632913955
Deprecated function used,java.lang.NullPointerException at com.example.Main:142,4.379224583405009e-05,4.379224583405009e-05,4.379224583405009e-05
Encrypting artifacts,java.lang.NullPointerException at com.example.Main:142,0.003559956717014312,0.003559956717014312,0.003559956717014312
Entering compilation loop,java.lang.NullPointerException at com.example.Main:142,0.04240367778426654,0.04240367778426654,0.04240367778426654
Finalizing CI job,java.lang.NullPointerException at com.example.Main:142,0.13769083087787343,0.13769083087787343,0.13769083087787343
Formatting source code,java.lang.NullPointerException at com.example.Main:142,0.0015373890257862444,0.0015373890257862444,0.00018372625937616014
Generating code coverage report,java.lang.NullPointerException at com.example.Main:142,-0.00029632075770016225,0.00029632075770016225,-0.00029632075770016225
Generating documentation with Doxygen,java.lang.NullPointerException at com.example.Main:142,0.001052274458501469,0.001052274458501469,0.001052274458501469
Generating system diagnostics,java.lang.NullPointerException at com.example.Main:142,0.002717152246379015,0.002717152246379015,0.002717152246379015
Installing dependencies,java.lang.NullPointerException at com.example.Main:142,0.0004640797670966392,0.0004640797670966392,0.0004640797670966392
Linker returned non-zero exit code,java.lang.NullPointerException at com.example.Main:142,-0.0036192158150433478,0.0036192158150433478,-0.0036192158150433478
Linking CXX executable,java.lang.NullPointerException at com.example.Main:142,0.006407111321881874,0.006407111321881874,0.006407111321881874
Linking shared libraries,java.lang.NullPointerException at com.example.Main:142,-0.0002569156862846385,0.0002569156862846385,-0.0002569156862846385
Logging build statistics,java.lang.NullPointerException at com.example.Main:142,-0.005748339440117328,0.005748339440117328,-0.0013265965589954855
Logging health status,java.lang.NullPointerException at com.example.Main:142,0.008187564321856826,0.008187564321856826,0.008187564321856826
Measuring memory usage,java.lang.NullPointerException at com.example.Main:142,-0.004500358945783304,0.004500358945783304,-0.004500358945783304
Merging pull request,java.lang.NullPointerException at com.example.Main:142,0.002049237240786201,0.002049237240786201,0.002049237240786201
Migrating database schema,java.lang.NullPointerException at com.example.Main:142,0.005484727801342087,0.005484727801342087,0.004548768188357884
Monitoring build agents,java.lang.NullPointerException at com.example.Main:142,0.0049012634127248225,0.0049012634127248225,0.0049012634127248225
Optimizing assets,java.lang.NullPointerException at com.example.Main:142,0.0024240370510964374,0.0024240370510964374,0.0024240370510964374
Out of memory during linking stage,java.lang.NullPointerException at com.example.Main:142,0.002052873618115768,0.002052873618115768,0.0016029397198159656
Publishing site,java.lang.NullPointerException at com.example.Main:142,0.002941829654322209,0.002941829654322209,0.002941829654322209
Pushing changes to remote,java.lang.NullPointerException at com.example.Main:142,0.0028546936992474947,0.0028546936992474947,0.0028511682580156035
Reporting test results,java.lang.NullPointerException at com.example.Main:142,-0.0001709216119560982,0.0001709216119560982,-0.0001709216119560982
Restarting database service,java.lang.NullPointerException at com.example.Main:142,0.0024512326972130436,0.0024512326972130436,0.002291603709410976
Restarting failed containers,java.lang.NullPointerException at com.example.Main:142,0.000564349020915714,0.000564349020915714,0.0004037265957978645
Restoring database,java.lang.NullPointerException at com.example.Main:142,0.0068873223279278485,0.0068873223279278485,0.0068873223279278485
Running integration tests,java.lang.NullPointerException at com.example.Main:142,-0.005490679203736052,0.005490679203736052,-0.005490679203736052
Running linter checks,java.lang.NullPointerException at com.example.Main:142,-0.0256126364624475,0.0256126364624475,-0.0256126364624475
Running regression tests,java.lang.NullPointerException at com.example.Main:142,0.00016677413237878194,0.00016677413237878194,0.00016677413237878194
Running security scan,java.lang.NullPointerException at com.example.Main:142,-0.0008579085300089572,0.0008579085300089572,-0.0008579085300089572
Running unit tests,java.lang.NullPointerException at com.example.Main:142,0.00031098660674629624,0.00031098660674629624,0.00031098660674629624
Scanning for secrets in code,java.lang.NullPointerException at com.example.Main:142,0.0016042645958519897,0.0016042645958519897,0.0008164022647726198
Sending report via email,java.lang.NullPointerException at com.example.Main:142,-0.0022907924874226047,0.0022907924874226047,-0.0022907924874226047
Signing release packages,java.lang.NullPointerException at com.example.Main:142,-0.00016317091629694617,0.00016317091629694617,-0.00016317091629694617
Starting CI job,java.lang.NullPointerException at com.example.Main:142,-0.006394758557646496,0.006394758557646496,-0.002952922527141779
Syncing with GitHub,java.lang.NullPointerException at com.example.Main:142,-0.003059084149195328,0.003059084149195328,-0.003059084149195328
"TRACE socket recv timeout, backing off 200ms",java.lang.NullPointerException at com.example.Main:142,0.0015040518289164302,0.0015040518289164302,0.0010205312154907412
Tagging Docker image,java.lang.NullPointerException at com.example.Main:142,0.002803812656595411,0.002803812656595411,0.002803812656595411
Tracking build metrics,java.lang.NullPointerException at com.example.Main:142,-0.00023104353049086942,0.00023104353049086942,-0.00023104353049086942
Triggering webhook,java.lang.NullPointerException at com.example.Main:142,0.0006547553111420834,0.0006547553111420834,0.0006547553111420834
Uploading logs to S3,java.lang.NullPointerException at com.example.Main:142,0.0016544042995037783,0.0016544042995037783,0.0011646340756138803
Validating Kubernetes manifests,java.lang.NullPointerException at com.example.Main:142,0.0009133604392418964,0.0009133604392418964,0.0009133604392418964
Validating deployment,java.lang.NullPointerException at com.example.Main:142,0.001074964812590694,0.001074964812590694,0.001074964812590694
Verifying checksums,java.lang.NullPointerException at com.example.Main:142,-0.0003465698313782593,0.0003465698313782593,-0.0003465698313782593
Verifying digital signatures,java.lang.NullPointerException at com.example.Main:142,0.0004419101997120872,0.0004419101997120872,0.0004419101997120872
Verifying git tag signature,java.lang.NullPointerException at com.example.Main:142,-0.005212734804393123,0.005212734804393123,-0.005212734804393123
Verifying service health checks,java.lang.NullPointerException at com.example.Main:142,-0.0002927457384244491,0.0002927457384244491,-0.0002927457384244491
WARN retrying connection to mirror (attempt 3/5),java.lang.NullPointerException at com.example.Main:142,0.0002836070085569157,0.0002836070085569157,0.0002836070085569157
^[[0;31mANSI color spill^[[0m,java.lang.NullPointerException at com.example.Main:142,0.0033689104475187882,0.0033689104475187882,0.0033689104475187882
gc: collecting generation 2 ... done,java.lang.NullPointerException at com.example.Main:142,-0.001428769120781399,0.001428769120781399,-0.001428769120781399
